日期,质量等级,AQI指数,当天AQI排名,PM2.5,PM10,So2,No2,Co,O3
2015-01-01,轻度污染,107,278,63,162,38,19,0.62,63
2015-01-02,良,79,251,47,105,68,23,0.56,49
2015-01-03,轻度污染,136,231,102,191,108,47,1.04,28
2015-01-04,严重污染,314,350,213,423,234,97,2.41,33
2015-01-05,中度污染,170,240,129,186,71,35,1.09,25
2015-01-06,轻度污染,122,304,92,127,32,18,0.80,46
2015-01-07,轻度污染,101,276,75,110,47,23,0.86,40
2015-01-08,轻度污染,121,256,91,138,63,28,0.90,43
2015-01-09,轻度污染,120,210,90,131,47,30,0.91,35
2015-01-10,良,96,142,71,113,50,27,0.76,32
2015-01-11,中度污染,158,279,119,195,79,38,1.13,20
2015-01-12,轻度污染,126,269,95,142,79,27,0.84,47
2015-01-13,中度污染,169,319,128,174,57,28,0.93,64
2015-01-14,轻度污染,148,280,112,148,52,31,0.94,47
2015-01-15,中度污染,153,265,116,187,64,36,1.10,48
2015-01-16,轻度污染,144,255,109,168,56,24,1.02,62
2015-01-17,中度污染,162,316,122,206,65,33,1.12,55
2015-01-18,轻度污染,141,302,106,158,50,28,1.09,71
2015-01-19,中度污染,188,357,142,221,80,45,1.52,41
2015-01-20,重度污染,201,353,153,228,92,41,1.33,27
2015-01-21,中度污染,165,331,125,202,52,35,1.05,26
2015-01-22,中度污染,156,307,117,209,70,32,0.71,50
2015-01-23,轻度污染,140,218,104,211,100,39,0.70,47
2015-01-24,中度污染,177,265,133,235,94,41,1.05,42
2015-01-25,轻度污染,150,209,112,158,35,22,1.07,30
2015-01-26,中度污染,163,227,123,189,39,21,1.16,41
2015-01-27,轻度污染,124,301,92,131,24,22,1.29,38
2015-01-28,优,36,59,21,34,11,20,0.74,18
2015-01-29,优,36,42,22,34,12,13,0.52,25
2015-01-30,良,73,194,51,76,43,11,0.82,40
2015-01-31,良,77,217,55,76,18,12,1.15,40
2015-02-01,良,77,175,56,84,17,11,1.18,41
2015-02-02,良,62,66,42,64,18,13,1.40,30
2015-02-03,良,80,114,58,82,20,14,1.53,31
2015-02-04,轻度污染,131,240,99,143,44,21,1.52,36
2015-02-05,轻度污染,128,302,96,149,62,23,1.16,60
2015-02-06,轻度污染,117,270,88,153,49,34,1.19,43
2015-02-07,轻度污染,118,245,88,160,67,42,1.33,34
2015-02-08,轻度污染,112,297,83,135,61,24,1.23,59
2015-02-09,中度污染,151,340,113,192,61,26,1.57,62
2015-02-10,重度污染,210,356,162,267,62,58,1.82,17
2015-02-11,中度污染,172,309,130,206,34,44,1.47,41
2015-02-12,轻度污染,132,236,100,168,36,41,1.35,48
2015-02-13,轻度污染,125,249,94,163,37,40,1.48,45
2015-02-14,良,94,124,69,107,26,26,1.34,47
2015-02-15,良,52,37,29,54,19,20,1.21,52
2015-02-16,轻度污染,104,191,77,117,16,12,1.38,46
2015-02-17,轻度污染,119,250,89,143,14,14,1.48,53
2015-02-18,轻度污染,121,284,91,151,16,13,1.51,48
2015-02-19,良,99,165,73,106,6,7,1.41,47
2015-02-20,良,54,134,36,55,5,5,1.21,34
2015-02-21,优,38,34,23,36,10,6,1.07,38
2015-02-22,良,57,107,38,55,9,6,1.18,42
2015-02-23,良,58,117,37,65,6,5,1.12,45
2015-02-24,良,69,162,44,83,14,9,1.28,33
2015-02-25,优,38,52,24,36,10,7,1.22,35
2015-02-26,优,48,113,28,48,9,8,1.06,33
2015-02-27,优,23,14,12,20,7,7,1.12,29
2015-02-28,优,26,35,15,22,7,6,0.98,40
2015-03-01,良,57,145,38,60,16,7,0.94,43
2015-03-02,良,69,155,46,82,21,17,1.00,29
2015-03-03,良,87,234,60,110,33,19,0.96,34
2015-03-04,轻度污染,115,346,52,179,22,14,0.70,51
2015-03-05,优,50,130,31,49,6,9,0.78,41
2015-03-06,良,72,185,51,85,20,12,0.80,39
2015-03-07,良,92,250,67,113,54,30,1.10,22
2015-03-08,良,64,142,44,64,12,15,1.07,39
2015-03-09,良,72,203,50,88,39,19,1.25,39
2015-03-10,轻度污染,137,336,102,157,16,14,1.22,58
2015-03-11,轻度污染,123,339,92,135,17,20,1.25,40
2015-03-12,良,87,210,64,109,24,28,1.03,60
2015-03-13,良,87,202,62,116,49,36,1.16,27
2015-03-14,良,72,122,51,77,13,18,0.97,37
2015-03-15,良,93,169,68,101,14,18,1.02,46
2015-03-16,轻度污染,115,261,86,133,26,23,1.11,43
2015-03-17,轻度污染,114,288,85,137,37,21,1.10,44
2015-03-18,优,43,62,24,44,9,15,1.01,27
2015-03-19,优,46,55,24,47,19,12,0.73,51
2015-03-20,优,42,35,23,43,11,17,1.03,41
2015-03-21,良,66,124,39,79,23,22,1.17,46
2015-03-22,良,96,223,63,131,40,28,1.28,43
2015-03-23,良,66,155,42,80,15,13,1.01,75
2015-03-24,良,87,270,58,122,16,16,0.98,69
2015-03-25,良,96,302,66,127,21,22,1.12,44
2015-03-26,良,79,235,53,106,16,22,1.10,39
2015-03-27,良,61,139,34,71,18,17,0.85,49
2015-03-28,良,85,189,56,116,23,32,1.04,37
2015-03-29,良,85,170,56,112,26,26,1.21,22
2015-03-30,良,59,91,30,68,21,19,1.15,36
2015-03-31,良,66,153,35,80,15,12,0.76,55
2015-04-01,良,67,205,40,81,7,9,0.68,76
2015-04-02,良,67,243,43,81,12,8,0.73,86
2015-04-03,良,57,123,31,61,15,10,0.92,60
2015-04-04,优,50,75,29,52,12,8,1.12,57
2015-04-05,优,43,69,26,41,7,8,1.28,68
2015-04-06,优,44,100,26,42,9,10,1.20,67
2015-04-07,优,38,65,20,31,8,10,1.06,66
2015-04-08,良,51,132,33,49,14,10,0.72,65
2015-04-09,良,52,106,35,50,14,12,0.60,64
2015-04-10,良,63,150,41,69,31,19,0.77,54
2015-04-11,良,71,171,44,85,34,23,0.85,58
2015-04-12,良,91,320,61,108,38,29,0.88,58
2015-04-13,良,76,274,39,100,26,17,0.90,86
2015-04-14,良,82,224,46,111,46,23,1.10,98
2015-04-15,轻度污染,111,278,79,144,25,27,1.48,97
2015-04-16,轻度污染,125,290,91,156,33,26,1.52,103
2015-04-17,轻度污染,113,261,82,155,32,34,1.32,84
2015-04-18,轻度污染,104,271,76,138,32,25,1.04,74
2015-04-19,优,38,23,22,36,11,10,1.20,64
2015-04-20,优,44,62,22,38,17,11,1.04,77
2015-04-21,良,69,201,39,84,25,21,1.07,65
2015-04-22,良,74,219,49,89,29,22,1.08,70
2015-04-23,良,71,150,50,79,21,21,1.09,54
2015-04-24,良,74,163,53,80,20,24,1.19,44
2015-04-25,良,86,199,63,99,29,26,1.31,53
2015-04-26,轻度污染,118,321,88,134,34,29,1.33,56
2015-04-27,良,73,134,52,73,12,20,1.30,48
2015-04-28,良,87,253,63,96,17,20,0.70,44
2015-04-29,轻度污染,109,304,80,122,33,24,0.45,57
2015-04-30,轻度污染,112,297,83,141,30,29,1.31,61
2015-05-01,良,89,263,62,98,15,17,1.19,65
2015-05-02,良,62,194,39,65,18,15,1.00,62
2015-05-03,优,49,60,25,51,13,10,1.09,75
2015-05-04,优,49,66,29,44,7,9,1.19,77
2015-05-05,良,73,171,50,86,16,14,1.31,65
2015-05-06,良,81,199,56,97,17,18,1.25,76
2015-05-07,轻度污染,108,299,78,129,31,33,1.54,45
2015-05-08,优,45,63,21,42,11,16,0.99,64
2015-05-09,良,61,178,35,69,18,19,1.06,52
2015-05-10,良,95,305,64,127,33,26,1.29,46
2015-05-11,良,61,242,28,73,9,10,0.93,66
2015-05-12,轻度污染,114,356,69,162,23,24,1.06,50
2015-05-13,轻度污染,148,362,111,178,35,32,1.44,39
2015-05-14,良,84,236,56,106,22,22,1.39,56
2015-05-15,优,50,114,29,53,12,12,1.19,62
2015-05-16,良,88,276,62,119,31,12,1.33,66
2015-05-17,轻度污染,113,314,84,131,27,16,1.46,51
2015-05-18,良,83,239,58,89,12,11,1.29,50
2015-05-19,良,79,223,54,91,18,15,1.16,46
2015-05-20,良,82,273,57,99,19,9,1.26,75
2015-05-21,良,93,343,60,114,15,9,1.13,137
2015-05-22,良,85,266,61,100,18,11,1.10,128
2015-05-23,良,60,144,40,61,5,6,0.99,101
2015-05-24,良,66,164,44,75,10,7,1.10,91
2015-05-25,良,74,178,52,90,19,11,1.17,76
2015-05-26,轻度污染,101,251,75,116,17,9,1.31,77
2015-05-27,良,97,245,71,106,11,13,1.55,65
2015-05-28,良,84,252,61,89,22,12,1.70,55
2015-05-29,良,70,257,45,74,10,6,1.41,74
2015-05-30,良,68,246,46,68,15,11,1.20,86
2015-05-31,良,78,223,55,87,17,16,1.18,58
2015-06-01,良,69,175,44,81,19,14,1.24,56
2015-06-02,良,57,176,32,62,13,6,1.05,78
2015-06-03,优,39,69,15,29,5,5,1.22,75
2015-06-04,优,47,137,22,36,7,6,1.14,89
2015-06-05,优,45,80,24,45,14,7,1.16,76
2015-06-06,良,63,166,33,71,28,16,1.20,57
2015-06-07,优,47,115,29,47,10,5,1.05,59
2015-06-08,优,35,61,12,26,13,8,1.10,65
2015-06-09,良,57,169,33,64,18,13,1.17,64
2015-06-10,良,69,215,46,82,23,24,1.48,28
2015-06-11,良,58,173,30,67,19,11,1.31,49
2015-06-12,良,73,252,34,93,21,13,1.07,64
2015-06-13,良,58,186,30,68,15,14,1.21,46
2015-06-14,优,45,108,23,47,10,10,1.11,45
2015-06-15,优,46,103,21,47,12,7,0.94,47
2015-06-16,优,44,92,19,43,9,4,0.73,64
2015-06-17,优,45,113,23,44,9,5,1.05,68
2015-06-18,优,46,119,19,33,10,9,1.41,81
2015-06-19,良,73,258,51,84,18,15,1.54,73
2015-06-20,良,67,250,47,73,16,14,1.56,44
2015-06-21,优,41,78,9,17,5,3,1.38,88
2015-06-22,优,45,93,13,27,12,4,1.48,83
2015-06-23,良,52,147,28,52,14,6,1.67,71
2015-06-24,良,54,214,33,58,13,8,1.67,57
2015-06-25,优,40,126,15,39,14,7,1.34,48
2015-06-26,优,42,116,16,41,12,7,0.97,56
2015-06-27,优,43,142,17,42,7,5,0.79,67
2015-06-28,优,45,144,19,44,9,4,1.05,73
2015-06-29,优,46,149,20,44,8,4,1.14,79
2015-06-30,优,49,184,23,49,7,4,1.28,81
2015-07-01,优,30,22,11,24,6,6,1.49,43
2015-07-02,优,48,140,24,48,11,13,1.68,29
2015-07-03,优,43,114,24,41,8,5,1.47,62
2015-07-04,优,47,120,19,31,4,3,0.97,89
2015-07-05,优,39,72,19,33,8,5,1.04,74
2015-07-06,优,49,138,28,49,15,9,1.11,60
2015-07-07,良,60,209,31,59,21,9,1.06,81
2015-07-08,良,62,191,28,62,21,9,0.93,93
2015-07-09,良,85,278,62,100,25,11,1.03,95
2015-07-10,良,67,235,43,75,19,8,1.02,79
2015-07-11,良,64,213,40,76,20,10,1.12,66
2015-07-12,良,73,231,41,83,17,14,1.25,76
2015-07-13,良,68,144,42,82,24,13,1.26,63
2015-07-14,良,72,175,41,91,26,15,1.36,65
2015-07-15,良,68,216,42,81,18,13,1.28,64
2015-07-16,良,57,173,18,44,12,10,1.11,89
2015-07-17,良,75,295,50,83,20,9,1.22,105
2015-07-18,良,78,297,55,93,13,10,1.38,91
2015-07-19,良,67,248,43,76,16,8,1.39,81
2015-07-20,良,72,252,50,82,15,9,1.43,87
2015-07-21,良,68,233,42,79,10,9,1.44,88
2015-07-22,良,64,231,35,77,11,13,1.33,60
2015-07-23,优,32,66,14,25,6,8,1.20,57
2015-07-24,优,45,126,23,47,10,9,1.19,67
2015-07-25,良,68,247,42,77,13,13,1.33,73
2015-07-26,良,72,232,49,91,17,14,1.44,62
2015-07-27,优,46,101,25,48,10,9,1.39,37
2015-07-28,优,40,79,14,40,12,8,1.32,34
2015-07-29,优,34,54,13,32,11,6,1.38,43
2015-07-30,优,44,122,15,43,14,9,1.56,38
2015-07-31,优,38,87,14,37,14,7,1.45,47
2015-08-01,优,38,68,15,37,10,6,1.30,48
2015-08-02,优,38,66,14,37,10,5,1.31,52
2015-08-03,优,43,95,18,43,11,5,1.36,57
2015-08-04,优,36,66,13,35,7,4,1.32,55
2015-08-05,优,43,81,17,43,12,5,1.42,61
2015-08-06,优,45,96,17,43,9,9,1.40,60
2015-08-07,良,51,148,22,53,9,13,1.42,59
2015-08-08,良,61,243,31,63,15,11,1.54,82
2015-08-09,良,62,275,33,71,13,8,1.50,82
2015-08-10,良,54,242,22,57,15,11,1.36,65
2015-08-11,良,60,254,26,69,24,14,1.46,62
2015-08-12,良,56,179,32,62,16,10,1.43,55
2015-08-13,优,39,47,22,38,4,9,1.11,45
2015-08-14,优,47,115,19,47,6,10,1.08,56
2015-08-15,良,53,170,23,58,7,10,1.18,52
2015-08-16,优,49,134,23,51,11,7,1.24,55
2015-08-17,良,51,132,24,53,14,9,1.32,48
2015-08-18,优,44,98,19,45,5,7,1.23,47
2015-08-19,优,41,75,15,33,5,5,1.22,61
2015-08-20,优,44,109,17,36,6,5,1.05,82
2015-08-21,良,57,179,26,63,9,14,1.19,59
2015-08-22,良,75,272,43,97,19,18,1.30,68
2015-08-23,良,86,331,52,117,19,22,1.32,75
2015-08-24,良,85,337,52,112,22,18,1.40,87
2015-08-25,良,87,325,63,106,13,8,1.45,92
2015-08-26,良,79,253,53,97,13,13,1.49,65
2015-08-27,良,80,261,56,90,8,16,1.54,44
2015-08-28,良,61,174,39,66,6,10,1.36,52
2015-08-29,良,65,213,41,77,12,13,1.30,41
2015-08-30,良,64,196,38,74,7,12,1.26,58
2015-08-31,良,79,287,52,96,11,15,1.32,63
日期,质量等级,AQI指数,当天AQI排名,PM2.5,PM10,So2,No2,Co,O3
2015-10-01,良,85,309,61,107,14,14,1.19,63
2015-10-02,良,74,229,42,96,16,17,1.07,68
2015-10-03,良,80,234,43,105,33,18,1.16,91
2015-10-04,良,95,281,66,136,30,15,1.28,114
2015-10-05,良,71,214,50,81,4,10,1.38,88
2015-10-06,优,47,111,22,42,5,7,1.48,72
2015-10-07,良,57,206,33,61,11,15,1.72,41
2015-10-08,良,56,236,28,62,19,12,1.65,59
2015-10-09,良,69,272,44,83,21,12,1.48,76
2015-10-10,良,63,225,38,74,13,16,1.28,36
2015-10-11,良,68,232,37,83,10,18,0.93,45
2015-10-12,良,82,259,46,111,25,28,1.07,48
2015-10-13,良,90,240,57,128,26,29,1.11,56
2015-10-14,良,90,180,59,111,17,27,0.94,63
2015-10-15,良,84,150,46,114,23,28,0.95,54
2015-10-16,良,90,168,56,127,30,29,1.04,59
2015-10-17,良,96,203,64,139,26,31,1.17,63
2015-10-18,良,99,266,70,137,28,26,1.27,80
2015-10-19,轻度污染,116,304,86,156,31,25,1.25,108
2015-10-20,轻度污染,135,318,102,170,30,31,0.97,81
2015-10-21,轻度污染,120,301,87,153,26,28,0.77,79
2015-10-22,轻度污染,107,275,79,143,30,26,0.75,89
2015-10-23,轻度污染,118,288,88,157,31,25,0.87,96
2015-10-24,轻度污染,126,308,95,167,32,25,0.96,92
2015-10-25,轻度污染,124,330,92,161,26,25,1.07,82
2015-10-26,轻度污染,114,312,81,163,22,23,1.09,60
2015-10-27,优,38,50,16,35,4,6,0.71,44
2015-10-28,良,55,136,18,57,15,8,0.67,28
2015-10-29,良,55,172,33,60,8,9,0.76,45
2015-10-30,良,63,230,41,69,10,12,0.86,51
2015-10-31,轻度污染,113,337,84,124,15,20,1.28,49
2015-11-01,良,72,236,44,91,17,24,1.04,64
2015-11-02,良,83,215,50,115,30,29,0.99,41
2015-11-03,良,77,158,52,98,35,19,0.67,45
2015-11-04,良,88,185,63,106,24,17,0.92,37
2015-11-05,良,96,252,71,112,20,15,1.08,21
2015-11-06,良,67,250,41,77,13,9,0.99,33
2015-11-07,优,50,187,22,52,6,6,0.94,30
2015-11-08,优,41,74,19,41,7,6,0.95,39
2015-11-09,良,60,132,33,67,18,12,1.11,42
2015-11-10,良,82,215,59,86,13,10,1.11,75
2015-11-11,优,35,36,16,34,4,8,0.95,44
2015-11-12,优,32,66,13,31,5,8,0.99,53
2015-11-13,优,48,123,24,50,13,12,0.89,45
2015-11-14,良,63,162,37,73,23,21,0.99,30
2015-11-15,良,54,114,30,60,18,9,1.08,23
2015-11-16,优,39,60,17,38,8,9,1.10,25
2015-11-17,优,35,63,14,34,9,7,0.96,39
2015-11-18,优,35,54,16,34,8,8,1.19,34
2015-11-19,优,42,81,18,41,15,6,1.06,35
2015-11-20,优,47,74,20,47,19,10,1.25,25
2015-11-21,良,59,171,34,67,24,10,1.46,25
2015-11-22,良,54,214,26,57,23,9,1.33,20
2015-11-23,优,48,183,20,47,14,16,1.40,10
2015-11-24,优,27,44,11,26,7,13,0.93,17
2015-11-25,优,41,96,18,44,23,14,0.58,33
2015-11-26,良,63,231,31,74,30,13,0.61,44
2015-11-27,良,59,156,36,66,31,13,0.59,42
2015-11-28,良,65,124,44,72,36,21,0.79,25
2015-11-29,良,61,92,37,69,16,16,0.86,26
2015-11-30,良,58,87,35,62,16,10,0.96,39
2015-12-01,良,53,62,28,54,30,13,0.95,17
2015-12-02,优,48,71,27,51,37,13,0.99,22
2015-12-03,良,69,228,36,86,39,15,0.91,27
2015-12-04,良,57,160,30,64,10,6,0.85,54
2015-12-05,优,28,32,15,25,8,4,0.92,49
2015-12-06,优,43,107,17,44,19,10,0.93,50
2015-12-07,良,59,128,26,69,21,21,0.96,24
2015-12-08,良,66,145,40,81,35,16,0.88,25
2015-12-09,良,60,112,35,68,24,13,0.82,32
2015-12-10,良,59,123,31,66,22,13,0.73,34
2015-12-11,良,69,164,44,84,34,13,1.06,41
2015-12-12,良,57,114,37,60,12,16,1.58,26
2015-12-13,优,48,87,25,47,12,15,1.59,25
2015-12-14,良,98,219,73,111,37,14,0.87,40
2015-12-15,良,67,189,45,75,27,17,0.83,41
2015-12-16,良,67,269,35,82,38,21,0.71,33
2015-12-17,良,65,227,33,78,45,21,0.83,45
2015-12-18,良,64,147,31,76,39,17,0.75,54
2015-12-19,良,75,155,53,91,45,22,0.93,40
2015-12-20,良,88,151,64,99,41,25,1.36,32
2015-12-21,良,78,93,56,84,33,14,1.29,31
2015-12-22,良,83,110,60,93,22,14,1.01,17
2015-12-23,良,92,123,66,104,18,13,0.79,37
2015-12-24,良,89,180,64,91,20,15,0.88,48
2015-12-25,轻度污染,126,249,94,150,55,30,1.04,45
2015-12-26,轻度污染,123,251,92,156,39,42,1.20,26
2015-12-27,轻度污染,103,265,77,122,45,31,1.30,27
2015-12-28,轻度污染,142,297,107,160,31,20,1.27,46
2015-12-29,轻度污染,133,239,101,150,21,24,1.23,34
2015-12-30,轻度污染,146,231,91,189,68,39,1.14,21
2015-12-31,轻度污染,109,164,81,136,32,27,1.05,42
2016-01-01,轻度污染,139,237,103,187,43,38,1.02,34
2016-01-02,轻度污染,147,218,111,166,39,37,1.29,14
2016-01-03,轻度污染,123,182,93,136,40,20,1.21,32
2016-01-04,轻度污染,116,201,87,127,56,15,1.19,35
2016-01-05,中度污染,155,313,119,164,18,13,1.47,51
2016-01-06,轻度污染,113,281,84,116,20,15,1.71,26
2016-01-07,良,55,127,38,52,10,11,1.21,34
2016-01-08,良,57,107,39,53,19,6,0.73,45
2016-01-09,优,35,19,20,33,23,5,0.67,40
2016-01-10,优,39,38,25,38,20,6,0.88,31
2016-01-11,良,56,151,36,55,15,6,0.68,45
2016-01-12,轻度污染,132,337,99,139,16,11,1.20,48
2016-01-13,良,76,195,55,76,16,12,1.20,24
2016-01-14,良,51,64,34,50,20,10,1.13,32
2016-01-15,良,63,95,42,68,37,17,1.11,42
2016-01-16,良,55,82,35,58,29,13,1.31,28
2016-01-17,优,45,74,26,48,28,11,1.14,32
2016-01-18,良,64,144,39,72,37,14,0.97,61
2016-01-19,中度污染,161,329,123,179,23,13,1.23,67
2016-01-20,良,77,172,55,82,13,12,1.09,47
2016-01-21,良,62,182,41,64,12,8,1.04,46
2016-01-22,良,67,210,47,66,16,8,0.91,53
2016-01-23,良,68,247,44,71,25,7,0.77,67
2016-01-24,良,68,270,40,83,20,15,0.85,62
2016-01-25,良,88,309,62,117,33,27,1.08,46
2016-01-26,良,94,287,65,134,48,35,1.09,44
2016-01-27,轻度污染,108,265,80,129,44,30,0.87,62
2016-01-28,优,49,91,33,48,16,8,0.74,35
2016-01-29,良,93,234,69,99,18,11,0.74,40
2016-01-30,轻度污染,109,281,81,113,30,15,0.81,43
2016-01-31,优,48,97,31,47,12,11,1.09,33
2016-02-01,轻度污染,102,259,76,100,29,11,1.21,53
2016-02-02,轻度污染,106,219,79,111,31,14,1.00,71
2016-02-03,良,89,153,64,105,35,19,1.02,39
2016-02-04,良,78,164,56,77,24,13,0.79,44
2016-02-05,良,82,200,60,90,32,17,0.95,42
2016-02-06,良,100,307,74,113,23,16,0.93,54
2016-02-07,轻度污染,103,263,76,113,16,13,1.03,52
2016-02-08,中度污染,164,213,127,173,22,12,0.83,46
2016-02-09,良,88,193,62,97,19,12,0.92,57
2016-02-10,良,68,148,42,76,17,6,0.63,73
2016-02-11,良,90,230,65,102,24,10,1.04,49
2016-02-12,轻度污染,107,253,80,108,21,4,1.18,53
2016-02-13,良,60,237,42,59,7,1,1.14,39
2016-02-14,优,39,153,19,38,8,2,0.79,51
2016-02-15,优,47,218,19,47,12,4,0.74,58
2016-02-16,优,49,167,27,50,23,13,0.87,46
2016-02-17,良,54,119,30,57,25,18,0.94,41
2016-02-18,良,63,111,39,69,25,19,0.90,41
2016-02-19,良,79,149,56,96,35,19,0.91,54
2016-02-20,轻度污染,101,240,59,144,29,12,0.83,81
2016-02-21,轻度污染,102,247,56,151,25,14,0.98,51
2016-02-22,优,37,11,23,36,10,6,0.90,50
2016-02-23,良,71,181,50,79,11,9,0.61,54
2016-02-24,轻度污染,107,305,80,139,16,12,0.72,61
2016-02-25,良,90,244,65,113,20,20,0.67,41
2016-02-26,良,59,132,34,66,14,19,0.64,50
2016-02-27,良,66,166,36,80,15,25,0.76,38
2016-02-28,良,72,169,41,92,22,26,0.72,46
2016-02-29,轻度污染,110,310,58,168,27,20,0.75,82
2016-03-01,轻度污染,101,261,64,149,31,35,0.92,67
2016-03-02,良,93,170,59,130,31,34,0.88,75
2016-03-03,良,96,185,69,125,33,32,0.97,54
2016-03-04,轻度污染,101,186,75,117,23,23,1.05,43
2016-03-05,良,71,88,47,82,20,16,0.90,44
2016-03-06,良,89,144,45,127,22,16,0.78,61
2016-03-07,良,80,156,51,102,25,26,1.13,43
2016-03-08,良,56,166,36,61,13,12,1.09,43
2016-03-09,优,31,37,14,20,4,6,0.56,50
2016-03-10,优,41,117,25,39,11,8,0.53,62
2016-03-11,良,84,286,61,96,31,17,0.77,61
2016-03-12,良,89,225,65,102,24,25,0.98,34
2016-03-13,良,81,217,59,86,19,18,1.17,33
2016-03-14,良,85,200,62,101,27,20,1.22,56
2016-03-15,轻度污染,113,248,84,144,43,23,1.19,80
2016-03-16,轻度污染,135,277,102,168,40,19,1.12,54
2016-03-17,轻度污染,120,232,90,130,25,14,1.06,42
2016-03-18,良,99,183,73,111,15,23,1.21,46
2016-03-19,轻度污染,104,223,75,143,45,38,1.43,36
2016-03-20,良,88,196,65,94,13,13,1.07,75
2016-03-21,良,61,116,41,62,8,8,0.87,65
2016-03-22,良,70,182,50,70,7,9,0.70,74
2016-03-23,良,58,188,39,58,11,8,0.57,91
2016-03-24,良,69,271,48,83,17,12,0.56,69
2016-03-25,良,68,231,47,81,17,21,0.74,60
2016-03-26,良,86,274,62,104,27,26,1.07,46
2016-03-27,良,61,95,37,69,19,17,0.96,59
2016-03-28,良,76,164,53,93,28,27,1.06,45
2016-03-29,良,90,240,66,103,25,25,0.97,63
2016-03-30,轻度污染,103,263,76,111,10,25,1.00,38
2016-03-31,良,72,140,49,87,16,25,1.02,39
2016-04-01,良,100,244,74,134,34,40,1.51,28
2016-04-02,良,80,194,57,100,23,19,1.22,50
2016-04-03,优,41,35,21,38,10,8,0.96,55
2016-04-04,良,59,165,36,65,10,5,0.80,62
2016-04-05,良,65,188,43,76,20,9,0.97,48
2016-04-06,优,34,42,13,34,9,8,1.23,32
2016-04-07,优,32,28,14,31,20,14,1.33,43
2016-04-08,优,50,95,27,52,26,17,1.21,39
2016-04-09,优,34,29,15,32,12,12,0.98,45
2016-04-10,优,48,96,27,51,21,13,1.22,59
2016-04-11,良,65,163,39,77,27,20,1.20,55
2016-04-12,良,70,198,49,81,23,22,1.49,34
2016-04-13,良,69,145,47,81,22,15,1.32,47
2016-04-14,良,63,124,44,69,22,14,1.25,35
2016-04-15,良,79,224,57,87,19,8,1.33,57
2016-04-16,优,47,86,22,46,14,9,1.11,65
2016-04-17,优,39,26,13,29,13,6,1.02,68
2016-04-18,优,37,20,16,37,13,11,0.92,50
2016-04-19,良,65,201,39,79,37,23,1.02,19
2016-04-20,优,49,105,26,50,22,15,0.90,32
2016-04-21,良,51,91,24,53,24,13,0.75,81
2016-04-22,良,65,169,42,77,26,22,1.00,40
2016-04-23,优,43,75,20,39,12,7,0.85,77
2016-04-24,良,56,151,33,60,20,8,0.97,70
2016-04-25,良,52,107,33,53,13,8,1.09,67
2016-04-26,优,41,51,25,39,17,9,1.07,55
2016-04-27,良,56,135,32,62,19,19,1.01,40
2016-04-28,良,67,179,43,81,25,24,1.11,37
2016-04-29,良,74,173,52,90,20,21,1.19,47
2016-04-30,良,51,36,31,53,11,12,1.15,49
2016-05-01,良,57,85,34,64,22,19,1.55,26
2016-05-02,良,70,207,47,85,22,17,1.72,34
2016-05-03,良,66,212,27,83,14,8,1.10,76
2016-05-04,良,80,258,45,109,34,25,1.40,45
2016-05-05,良,64,168,38,76,11,19,1.32,57
2016-05-06,良,71,158,45,86,18,21,1.26,56
2016-05-07,优,48,105,23,41,6,9,1.29,74
2016-05-08,优,48,108,21,44,4,7,1.14,75
2016-05-09,优,37,36,17,30,7,9,1.11,65
2016-05-10,良,51,113,28,54,17,16,1.14,56
2016-05-11,良,64,113,36,76,14,20,1.17,57
2016-05-12,良,81,190,49,103,19,21,1.13,74
2016-05-13,良,96,333,60,135,15,11,1.04,106
2016-05-14,良,77,282,55,92,14,8,1.10,82
2016-05-15,优,49,147,19,43,4,8,0.90,71
2016-05-16,良,65,189,26,78,14,17,0.89,56
2016-05-17,良,77,212,38,97,21,21,1.04,79
2016-05-18,良,68,109,42,80,15,13,1.07,69
2016-05-19,优,47,43,30,51,7,8,1.03,44
2016-05-20,优,33,26,14,26,5,7,1.09,71
2016-05-21,良,53,185,25,47,16,7,1.11,89
2016-05-22,良,58,222,34,65,30,11,1.10,71
2016-05-23,优,43,88,23,41,8,8,1.04,66
2016-05-24,优,50,91,28,51,16,13,1.11,40
2016-05-25,优,47,80,27,48,13,18,1.12,27
2016-05-26,优,27,22,10,22,4,7,1.02,43
2016-05-27,良,52,153,25,48,11,6,1.02,76
2016-05-28,优,36,59,16,32,7,7,1.07,61
2016-05-29,优,50,123,23,52,15,16,1.35,44
2016-05-30,良,60,144,29,69,15,18,1.59,39
2016-05-31,良,52,125,20,54,6,11,1.25,48
2016-06-01,优,46,107,20,45,5,6,1.18,70
2016-06-02,优,36,45,14,32,3,6,1.35,63
2016-06-03,优,38,59,11,27,8,8,1.20,69
2016-06-04,良,54,165,27,56,15,14,1.34,65
2016-06-05,良,55,142,25,58,11,16,1.43,58
2016-06-06,良,57,123,27,64,15,15,1.34,59
2016-06-07,良,71,240,43,89,12,19,1.48,60
2016-06-08,优,46,83,21,45,9,8,1.31,74
2016-06-09,良,62,171,37,71,8,10,1.46,71
2016-06-10,良,67,226,45,79,12,10,1.63,68
2016-06-11,良,56,204,33,61,6,8,1.63,57
2016-06-12,优,42,117,20,42,5,10,1.35,44
2016-06-13,良,56,161,27,60,9,14,1.15,48
2016-06-14,良,51,134,21,56,9,14,1.31,39
2016-06-15,优,35,59,14,31,5,9,1.06,61
2016-06-16,良,58,164,23,59,9,13,1.05,73
2016-06-17,良,53,126,20,56,11,14,1.13,60
2016-06-18,良,53,154,26,56,7,13,1.20,64
2016-06-19,优,38,101,15,36,4,7,1.10,58
2016-06-20,优,38,108,15,37,5,9,1.14,54
2016-06-21,优,42,104,16,41,6,7,1.14,53
2016-06-22,优,41,103,17,40,6,7,1.15,57
2016-06-23,优,43,126,14,42,7,7,1.23,60
2016-06-24,优,36,97,12,34,7,5,1.44,59
2016-06-25,优,35,77,8,27,6,4,1.32,67
2016-06-26,优,48,153,19,49,10,8,1.30,74
2016-06-27,良,51,169,23,53,13,9,1.42,44
2016-06-28,优,40,87,16,40,11,8,1.35,33
2016-06-29,优,47,153,23,48,16,19,1.41,36
2016-06-30,优,45,156,22,49,7,11,1.30,38
2016-07-01,优,25,46,9,24,5,6,1.07,35
2016-07-02,优,25,35,9,23,2,8,1.14,41
2016-07-03,优,25,38,9,24,4,10,1.37,34
2016-07-04,优,25,38,7,19,4,7,1.39,48
2016-07-05,优,25,33,8,21,4,4,1.34,50
2016-07-06,优,35,96,14,31,6,3,1.28,53
2016-07-07,优,41,121,19,39,6,6,1.39,54
2016-07-08,良,51,190,22,53,8,11,1.44,47
2016-07-09,良,62,259,30,70,11,11,1.50,61
2016-07-10,良,66,277,39,79,7,7,1.61,57
2016-07-11,良,68,284,42,82,6,9,1.61,64
2016-07-12,良,51,187,28,56,6,7,1.44,54
2016-07-13,优,47,178,23,49,5,9,1.40,40
2016-07-14,优,42,145,17,41,3,9,1.23,44
2016-07-15,优,37,83,16,36,3,8,1.11,50
2016-07-16,优,50,178,20,51,6,15,1.30,37
2016-07-17,良,52,166,28,54,3,18,1.17,26
2016-07-18,优,47,148,20,47,3,9,1.09,35
2016-07-19,优,43,140,17,42,4,6,0.99,56
2016-07-20,优,35,95,15,32,2,4,1.17,56
2016-07-21,优,40,117,18,39,3,5,1.20,64
2016-07-22,优,40,97,15,37,4,8,1.14,65
2016-07-23,优,46,119,20,44,4,8,1.23,69
2016-07-24,优,49,120,21,49,5,8,1.30,73
2016-07-25,良,59,199,26,63,8,14,1.39,68
2016-07-26,良,62,215,29,70,10,16,1.42,60
2016-07-27,良,65,218,36,73,11,15,1.45,78
2016-07-28,良,54,133,28,56,8,9,1.20,74
2016-07-29,优,49,107,19,51,9,10,0.99,57
2016-07-30,优,50,114,20,52,10,13,1.01,45
2016-07-31,良,56,197,24,59,13,15,1.07,57
2016-08-01,良,66,277,36,79,20,14,1.20,74
2016-08-02,良,52,198,27,54,11,6,1.22,67
2016-08-03,优,29,50,12,26,4,5,1.24,44
2016-08-04,优,50,208,26,54,10,8,1.39,52
2016-08-05,良,51,205,25,56,14,11,1.36,41
2016-08-06,优,40,96,18,40,8,9,1.28,47
2016-08-07,优,36,83,17,34,4,7,1.31,49
2016-08-08,优,42,138,16,38,8,8,1.26,59
2016-08-09,优,50,190,25,50,8,6,1.26,59
2016-08-10,优,44,150,22,43,9,7,1.37,64
2016-08-11,优,46,154,21,44,12,8,1.24,65
2016-08-12,优,48,154,24,49,6,8,1.29,51
2016-08-13,优,43,149,20,43,9,6,1.27,56
2016-08-14,优,42,128,19,41,14,6,1.29,52
2016-08-15,优,42,136,21,43,15,8,1.30,57
2016-08-16,良,59,256,32,65,16,9,1.42,63
2016-08-17,良,63,225,41,73,16,8,1.51,73
2016-08-18,良,66,254,42,73,18,7,1.49,79
2016-08-19,良,60,250,31,69,12,11,1.44,71
2016-08-20,良,55,217,21,59,6,18,1.38,55
2016-08-21,良,63,236,30,74,11,20,1.60,48
2016-08-22,良,64,232,38,74,9,13,1.72,86
2016-08-23,良,72,271,46,89,12,15,1.69,87
2016-08-24,良,81,280,53,103,13,21,1.66,71
2016-08-25,良,88,320,54,117,10,21,1.58,75
2016-08-26,良,52,244,26,53,8,8,1.21,70
2016-08-27,优,43,101,16,38,6,8,1.06,77
2016-08-28,良,65,238,32,72,22,16,1.41,86
2016-08-29,良,71,269,32,78,23,16,1.50,98
2016-08-30,良,74,262,39,87,21,17,1.58,99
2016-08-31,良,65,174,42,73,12,14,1.25,72
2016-09-01,良,58,182,33,64,6,13,1.06,61
2016-09-02,良,68,244,39,81,15,20,0.93,61
2016-09-03,良,76,238,42,94,22,23,0.94,73
2016-09-04,良,90,288,59,121,21,17,1.17,98
2016-09-05,良,96,304,69,117,21,12,1.22,111
2016-09-06,良,76,268,48,89,20,11,1.05,109
2016-09-07,良,72,293,44,91,16,18,1.05,66
2016-09-08,良,75,257,52,95,23,25,1.30,68
2016-09-09,良,55,163,35,61,7,10,1.18,59
2016-09-10,优,32,53,12,25,3,7,1.14,55
2016-09-11,良,60,220,35,68,11,14,1.35,69
2016-09-12,良,71,260,47,86,16,19,1.39,65
2016-09-13,良,75,275,49,93,17,18,1.31,76
2016-09-14,良,75,265,47,90,17,11,1.30,102
2016-09-15,良,80,289,50,90,19,9,1.24,121
2016-09-16,良,75,293,48,91,20,13,1.19,105
2016-09-17,良,78,303,47,104,24,16,1.14,83
2016-09-18,良,75,312,50,96,28,16,1.00,76
2016-09-19,良,73,320,44,88,19,16,0.94,99
2016-09-20,良,87,346,61,109,14,14,1.18,109
2016-09-21,良,80,277,44,100,24,20,1.19,106
2016-09-22,良,91,296,55,118,27,35,1.39,85
2016-09-23,良,98,303,64,124,23,33,1.31,89
2016-09-24,良,90,263,63,118,18,27,1.60,74
2016-09-25,良,86,259,61,115,17,28,1.77,56
2016-09-26,良,65,187,36,79,14,18,1.63,53
2016-09-27,良,95,326,65,113,13,14,1.86,85
2016-09-28,优,50,215,25,47,8,7,1.32,89
2016-09-29,良,51,212,20,46,8,9,0.99,89
2016-09-30,良,54,181,28,55,10,10,1.09,98
2016-10-01,良,66,241,38,79,14,14,1.09,95
2016-10-02,良,69,258,42,86,20,18,1.16,70
2016-10-03,良,79,280,40,100,15,26,1.24,70
2016-10-04,良,77,277,44,97,17,26,1.42,68
2016-10-05,良,72,258,37,84,16,18,1.23,90
2016-10-06,良,78,281,48,100,19,15,1.30,111
2016-10-07,良,88,326,64,110,15,13,1.52,104
2016-10-08,良,78,333,52,87,13,8,1.40,106
2016-10-09,良,72,322,41,86,29,11,1.48,117
2016-10-10,良,75,308,45,94,13,13,1.54,115
2016-10-11,良,65,241,36,78,14,12,1.40,84
2016-10-12,良,60,200,33,68,9,10,1.00,76
2016-10-13,良,68,226,44,83,6,9,0.97,63
2016-10-14,良,52,127,29,54,7,7,0.82,57
2016-10-15,良,63,209,38,75,11,8,0.95,70
2016-10-16,良,81,296,57,98,10,8,1.09,65
2016-10-17,良,59,154,29,65,14,11,1.01,77
2016-10-18,良,64,179,32,72,21,14,0.91,96
2016-10-19,良,73,206,48,80,9,10,0.98,106
2016-10-20,优,37,69,14,26,2,7,0.98,64
2016-10-21,优,40,144,17,40,4,12,1.03,39
2016-10-22,优,33,88,11,31,8,9,0.70,48
2016-10-23,优,35,110,15,34,6,8,0.82,47
2016-10-24,优,33,63,15,32,5,10,0.93,33
2016-10-25,优,25,17,9,24,2,9,1.03,35
2016-10-26,优,36,80,15,35,3,8,1.16,34
2016-10-27,优,45,167,21,46,4,7,1.18,48
2016-10-28,优,28,34,9,21,2,8,1.23,49
2016-10-29,优,29,65,6,13,2,7,1.01,58
2016-10-30,优,34,55,13,27,5,9,1.15,50
2016-10-31,优,35,62,18,34,5,10,1.36,40
2016-11-01,优,44,138,24,44,6,10,1.30,51
2016-11-02,优,49,121,27,51,8,13,1.20,52
2016-11-03,良,59,117,33,67,16,21,0.94,45
2016-11-04,良,70,130,42,88,15,26,1.10,47
2016-11-05,良,89,163,62,125,37,36,1.33,42
2016-11-06,轻度污染,106,189,79,131,34,28,1.44,38
2016-11-07,良,74,169,51,76,7,14,1.55,52
2016-11-08,优,35,70,17,28,4,8,1.11,56
2016-11-09,优,29,54,8,15,3,6,0.85,57
2016-11-10,优,44,100,17,44,9,19,0.85,58
2016-11-11,良,51,99,29,57,12,23,1.19,32
2016-11-12,良,72,163,47,92,31,30,1.48,29
2016-11-13,良,67,101,47,72,16,16,1.33,29
2016-11-14,良,82,166,59,97,20,20,1.13,32
2016-11-15,良,74,161,50,93,22,23,0.98,38
2016-11-16,轻度污染,130,310,98,156,12,15,1.32,51
2016-11-17,良,62,122,41,70,7,9,1.53,34
2016-11-18,良,57,74,35,61,9,8,1.45,39
2016-11-19,良,62,101,40,71,18,13,1.32,40
2016-11-20,良,65,182,41,75,10,11,1.28,41
2016-11-21,轻度污染,110,329,82,135,26,17,1.27,56
2016-11-22,优,41,200,21,44,5,11,1.12,34
2016-11-23,优,29,87,11,26,6,6,0.93,45
2016-11-24,优,42,103,16,41,13,6,0.93,58
2016-11-25,良,53,109,26,56,20,10,1.22,48
2016-11-26,良,56,112,30,62,14,17,1.34,45
2016-11-27,良,70,127,43,88,21,30,1.26,20
2016-11-28,良,77,142,48,102,31,26,0.97,52
2016-11-29,良,79,164,55,102,19,18,0.90,60
2016-11-30,良,70,122,47,84,19,21,0.88,42
2016-12-01,良,66,124,42,78,15,22,0.97,18
2016-12-02,良,80,141,56,103,30,21,0.93,27
2016-12-03,良,95,162,69,123,18,29,0.98,24
2016-12-04,良,73,86,45,95,15,24,0.89,31
2016-12-05,良,83,146,54,110,28,29,0.91,37
2016-12-06,良,94,213,60,137,35,23,0.94,73
2016-12-07,轻度污染,107,183,77,157,30,42,1.24,48
2016-12-08,轻度污染,115,186,83,171,31,42,1.37,49
2016-12-09,轻度污染,110,209,79,158,29,40,1.21,47
2016-12-10,中度污染,161,326,121,199,34,26,1.12,86
2016-12-11,轻度污染,128,268,97,166,32,21,1.06,72
2016-12-12,轻度污染,122,258,91,151,20,22,1.15,30
2016-12-13,良,65,128,41,75,21,18,1.19,35
2016-12-14,轻度污染,107,309,80,119,16,18,1.22,50
2016-12-15,轻度污染,117,276,88,132,35,22,1.46,57
2016-12-16,轻度污染,107,223,78,137,37,34,1.08,56
2016-12-17,轻度污染,137,262,100,186,58,55,1.21,27
2016-12-18,中度污染,164,258,124,209,72,50,1.26,22
2016-12-19,轻度污染,107,128,79,114,22,18,1.14,24
2016-12-20,良,65,67,43,71,10,8,1.13,37
2016-12-21,优,49,60,28,50,14,12,1.42,26
2016-12-22,良,65,142,42,75,30,21,1.53,24
2016-12-23,良,74,167,51,87,33,16,1.42,33
2016-12-24,良,58,79,35,65,11,9,1.30,37
2016-12-25,优,26,5,10,24,6,8,0.97,25
2016-12-26,优,39,80,20,39,10,9,0.93,27
2016-12-27,良,64,209,38,75,25,12,0.82,43
2016-12-28,良,78,200,50,102,39,23,0.84,41
2016-12-29,良,76,169,49,98,30,17,0.83,53
2016-12-30,轻度污染,122,237,91,156,37,32,1.22,50
2016-12-31,轻度污染,142,223,108,181,53,39,1.45,37
2017-01-01,中度污染,158,223,120,191,51,39,1.41,36
2017-01-02,中度污染,187,256,141,217,41,26,1.41,41
2017-01-03,中度污染,174,229,131,201,35,33,1.34,22
2017-01-04,中度污染,160,209,121,194,30,25,1.37,19
2017-01-05,轻度污染,135,239,101,154,18,13,1.34,23
2017-01-06,优,45,80,22,46,7,11,1.87,19
2017-01-07,优,28,12,10,27,8,10,1.69,22
2017-01-08,优,48,68,26,49,12,11,1.03,37
2017-01-09,良,63,141,41,69,14,10,1.01,45
2017-01-10,良,62,151,42,66,7,9,1.04,55
2017-01-11,良,55,118,34,56,8,10,1.05,56
2017-01-12,良,67,176,46,74,14,15,1.04,47
2017-01-13,良,82,222,58,98,24,20,1.18,26
2017-01-14,良,70,190,47,86,16,13,0.93,44
2017-01-15,轻度污染,104,287,77,132,17,21,1.13,51
2017-01-16,轻度污染,117,279,88,140,15,19,1.28,47
2017-01-17,良,99,215,73,122,18,19,0.80,47
2017-01-18,轻度污染,105,205,78,123,15,23,0.84,45
2017-01-19,轻度污染,114,224,86,137,12,20,0.92,49
2017-01-20,轻度污染,115,317,86,144,17,18,0.86,63
2017-01-21,良,86,227,51,117,16,22,0.72,63
2017-01-22,轻度污染,104,267,77,130,20,32,1.12,41
2017-01-23,良,99,233,73,128,21,24,1.08,64
2017-01-24,轻度污染,115,241,86,139,20,22,1.24,57
2017-01-25,良,83,113,60,98,8,12,0.96,70
2017-01-26,良,88,119,64,103,13,16,0.88,51
2017-01-27,轻度污染,123,238,90,168,15,10,0.99,67
2017-01-28,中度污染,184,253,137,284,25,10,1.16,42
2017-01-29,重度污染,210,342,163,242,12,10,1.38,37
2017-01-30,轻度污染,122,331,88,149,14,7,1.20,61
2017-01-31,轻度污染,127,345,95,149,8,7,1.21,61
2017-02-01,良,55,130,37,59,2,6,0.90,45
2017-02-02,良,52,104,31,53,2,6,0.92,43
2017-02-03,优,39,36,18,38,5,7,0.86,31
2017-02-04,优,44,32,22,45,7,11,1.08,29
2017-02-05,良,60,115,38,69,9,19,1.39,25
2017-02-06,良,53,108,31,54,8,8,1.22,28
2017-02-07,优,36,32,18,35,5,7,1.20,32
2017-02-08,优,47,121,29,50,6,6,0.96,57
2017-02-09,良,82,263,60,85,9,8,0.81,59
2017-02-10,良,80,250,58,89,13,9,0.77,56
2017-02-11,良,78,203,56,91,17,12,0.80,65
2017-02-12,良,77,132,53,94,13,22,0.96,49
2017-02-13,良,81,134,49,111,21,26,1.04,49
2017-02-14,良,100,179,72,136,38,39,1.33,38
2017-02-15,轻度污染,139,265,105,169,40,41,1.44,30
2017-02-16,轻度污染,105,211,77,133,25,27,0.95,51
2017-02-17,轻度污染,105,265,77,135,25,23,1.15,49
2017-02-18,中度污染,176,344,132,215,17,17,1.12,85
2017-02-19,轻度污染,123,223,92,159,21,26,0.96,65
2017-02-20,轻度污染,105,267,72,147,28,41,1.36,37
2017-02-21,良,60,188,40,71,3,10,0.79,39
2017-02-22,优,37,34,16,34,5,7,0.59,48
2017-02-23,优,50,135,24,50,8,4,0.55,57
2017-02-24,优,46,95,22,45,8,6,0.53,66
2017-02-25,良,58,137,31,64,10,15,0.62,43
2017-02-26,良,69,168,39,86,17,24,0.87,39
2017-02-27,良,88,220,57,122,26,40,1.08,28
2017-02-28,良,82,158,53,108,17,29,1.05,36
2017-03-01,良,79,188,47,106,17,28,1.01,42
2017-03-02,良,76,261,33,99,19,16,0.68,62
2017-03-03,良,68,97,32,84,29,20,0.57,48
2017-03-04,良,80,153,53,103,32,24,0.72,23
2017-03-05,优,48,48,28,47,8,10,0.71,40
2017-03-06,良,71,240,45,85,14,16,0.81,42
2017-03-07,良,100,319,73,112,11,12,0.84,78
2017-03-08,良,73,244,51,88,12,19,0.77,76
2017-03-09,良,87,257,62,104,17,29,0.97,34
2017-03-10,良,68,139,46,75,10,11,0.85,61
2017-03-11,良,69,169,45,83,17,14,0.84,65
2017-03-12,优,48,87,21,48,8,10,0.78,63
2017-03-13,优,37,51,7,20,4,7,0.67,73
2017-03-14,优,49,133,18,46,8,8,0.46,73
2017-03-15,优,44,61,18,44,5,11,0.63,62
2017-03-16,良,71,203,48,84,9,16,0.77,56
2017-03-17,良,56,91,32,61,6,14,0.76,53
2017-03-18,优,39,36,18,38,7,10,0.72,55
2017-03-19,优,44,54,21,43,6,9,0.78,65
2017-03-20,优,38,36,13,38,10,13,0.92,47
2017-03-21,良,59,139,34,65,7,8,0.77,65
2017-03-22,优,42,67,14,36,7,8,0.70,74
2017-03-23,优,37,22,13,36,12,9,0.82,52
2017-03-24,优,30,18,7,23,6,7,0.80,58
2017-03-25,良,51,108,20,57,13,14,0.76,51
2017-03-26,良,77,228,36,103,15,21,0.72,50
2017-03-27,良,86,281,43,119,18,27,0.78,52
2017-03-28,良,63,84,30,74,13,17,0.88,62
2017-03-29,良,70,134,45,86,16,19,1.11,35
2017-03-30,优,37,12,15,36,9,10,0.94,44
2017-03-31,良,57,152,33,64,14,9,0.84,83
2017-04-01,良,77,224,49,96,17,23,0.85,68
2017-04-02,良,81,221,52,105,19,27,0.82,67
2017-04-03,良,78,165,45,99,16,21,0.78,93
2017-04-04,良,64,92,36,75,9,8,0.84,101
2017-04-05,良,62,112,32,71,8,10,0.82,70
2017-04-06,良,54,78,27,58,12,7,0.89,52
2017-04-07,良,54,97,25,59,11,6,0.87,65
2017-04-08,良,73,228,49,93,15,10,1.01,54
2017-04-09,优,35,39,11,33,6,7,1.12,53
2017-04-10,优,29,20,7,22,4,6,0.83,58
2017-04-11,优,43,84,16,42,10,9,0.69,75
2017-04-12,良,60,148,22,62,23,19,0.85,74
2017-04-13,良,71,182,32,82,18,30,0.89,73
2017-04-14,良,78,245,43,103,18,30,1.17,69
2017-04-15,良,78,172,48,102,19,31,1.32,60
2017-04-16,良,80,215,48,108,25,29,1.35,41
2017-04-17,优,47,66,13,42,6,12,0.70,83
2017-04-18,良,60,122,23,68,11,24,0.86,53
2017-04-19,良,73,175,39,94,19,37,1.12,48
2017-04-20,良,69,209,32,86,12,21,0.90,68
2017-04-21,优,45,72,11,40,7,9,0.69,77
2017-04-22,良,59,128,20,68,16,15,0.76,63
2017-04-23,良,71,200,28,86,14,24,0.80,69
2017-04-23,良,71,200,28,86,14,24,0.80,69
2017-04-24,良,70,171,34,88,17,25,1.04,48
2017-04-25,优,44,71,20,44,5,11,0.85,49
2017-04-26,优,43,86,13,32,3,6,0.87,78
2017-04-27,良,66,245,42,79,5,11,1.02,81
2017-04-28,良,67,181,39,81,8,23,0.99,55
2017-04-29,良,64,82,31,75,10,22,0.71,58
2017-04-30,良,80,184,49,107,23,27,1.03,53
2017-05-01,良,74,179,47,92,17,24,1.15,56
2017-05-02,良,62,140,35,72,8,13,1.08,50
2017-05-03,良,60,192,33,68,4,7,1.07,63
2017-05-04,优,45,104,8,31,7,9,0.79,87
2017-05-05,良,62,134,21,70,15,16,0.85,85
2017-05-06,轻度污染,101,217,49,151,8,11,0.79,89
2017-05-07,轻度污染,134,276,72,217,7,10,0.63,76
2017-05-08,优,47,75,16,51,4,14,0.67,55
2017-05-09,良,58,140,19,61,9,21,0.76,63
2017-05-10,良,70,185,34,88,14,25,0.93,61
2017-05-11,良,59,109,25,69,9,17,0.87,55
2017-05-12,优,45,56,10,44,7,12,0.68,75
2017-05-13,良,68,198,23,75,9,21,0.71,72
2017-05-14,良,68,199,33,83,10,21,0.86,74
2017-05-15,良,52,133,24,55,3,9,0.85,81
2017-05-16,良,61,182,29,65,5,14,0.85,67
2017-05-17,良,71,170,26,75,8,22,0.84,75
2017-05-18,良,66,110,29,77,8,23,0.85,70
2017-05-19,良,54,77,28,59,3,15,0.99,61
2017-05-20,优,47,65,14,47,4,12,0.91,51
2017-05-20,优,47,65,14,47,4,12,0.91,51
2017-05-21,优,35,31,11,35,5,14,1.04,36
2017-05-22,优,46,141,11,45,6,11,1.08,36
2017-05-23,优,42,90,8,29,3,7,0.84,85
2017-05-24,优,46,111,15,44,4,10,0.87,81
2017-05-25,良,56,141,20,60,5,18,0.95,49
2017-05-26,良,59,114,20,58,5,19,0.92,69
2017-05-27,良,73,142,25,78,7,25,0.90,81
2017-05-28,良,79,138,28,85,7,24,0.72,89
2017-05-29,良,76,155,32,89,8,24,0.87,82
2017-05-30,良,79,231,48,106,7,20,1.12,79
2017-05-31,良,79,207,49,107,7,21,1.27,58
2017-06-01,优,47,102,19,46,3,8,1.06,67
2017-06-02,良,59,174,23,63,3,14,1.03,66
2017-06-03,良,69,239,34,86,7,19,1.08,58
2017-06-04,良,61,212,30,69,2,8,1.17,46
2017-06-05,优,42,79,14,42,5,6,1.19,55
2017-06-06,优,42,88,14,42,3,8,1.07,67
2017-06-07,良,58,184,25,61,7,14,1.22,61
2017-06-08,良,54,145,22,60,6,16,1.12,41
2017-06-09,优,45,124,12,47,4,9,0.94,45
2017-06-10,优,42,152,12,42,3,9,0.98,48
2017-06-11,优,39,83,10,33,1,5,0.96,64
2017-06-12,优,44,114,17,43,1,5,1.10,59
2017-06-13,优,35,70,5,27,1,4,1.10,72
2017-06-14,优,45,131,16,43,1,6,1.13,77
2017-06-15,优,43,108,13,32,1,5,1.19,77
2017-06-16,优,45,114,8,29,3,7,1.07,79
2017-06-17,良,51,117,15,48,3,11,0.93,67
2017-06-18,良,62,172,26,68,6,14,1.02,74
2017-06-19,良,67,240,36,82,9,18,1.24,64
2017-06-20,良,59,197,29,67,5,15,1.14,65
2017-06-21,良,63,208,30,73,7,16,1.18,65
2017-06-22,良,63,257,28,75,9,20,1.27,37
2017-06-23,优,44,122,14,44,2,14,1.29,31
2017-06-24,优,45,146,15,45,3,12,1.18,39
2017-06-25,优,34,79,10,30,6,10,1.16,60
2017-06-26,良,51,159,20,49,3,11,1.03,61
2017-06-27,优,44,92,15,36,3,10,0.98,83
2017-06-28,优,47,103,12,35,2,8,0.92,84
2017-06-29,优,35,65,10,34,2,14,1.04,45
2017-06-30,优,28,44,8,27,1,12,1.03,34
2017-07-01,优,27,63,5,24,2,8,0.99,42
2017-07-02,优,44,154,13,40,4,8,1.07,58
2017-07-03,良,55,199,22,56,6,12,1.16,69
2017-07-04,良,63,222,27,66,8,14,1.33,77
2017-07-05,优,42,127,12,42,3,10,1.22,50
2017-07-06,优,44,147,11,43,4,12,1.29,47
2017-07-07,优,42,146,10,41,4,11,1.43,45
2017-07-08,优,43,137,12,43,4,11,1.69,49
2017-07-09,优,35,100,8,30,2,8,1.72,61
2017-07-10,优,36,93,10,33,4,9,0.97,56
2017-07-11,优,38,79,10,37,5,9,1.04,47
2017-07-12,优,44,95,12,43,3,11,1.14,43
2017-07-13,优,50,138,13,53,4,10,1.14,48
2017-07-14,优,50,151,15,52,4,10,1.11,57
2017-07-15,优,48,168,15,48,4,8,1.05,65
2017-07-16,良,61,239,17,70,7,15,1.26,55
2017-07-17,良,59,222,20,65,7,13,1.30,62
2017-07-18,良,55,187,16,59,6,13,1.20,55
2017-07-19,优,41,122,9,38,4,8,1.08,60
2017-07-20,优,38,89,8,37,4,7,1.05,57
2017-07-21,优,38,81,9,37,4,6,1.04,56
2017-07-22,优,49,144,13,48,7,11,1.07,59
2017-07-23,良,59,192,18,64,7,14,1.21,69
2017-07-24,良,54,161,17,56,7,13,1.27,64
2017-07-25,优,48,115,14,46,5,10,1.24,58
2017-07-26,良,52,124,15,52,5,12,1.23,62
2017-07-27,良,53,149,16,51,5,13,1.19,70
2017-07-28,良,75,279,30,89,8,21,1.34,77
2017-07-29,良,71,291,30,86,8,13,1.44,96
2017-07-30,良,79,279,47,102,5,11,1.76,96
2017-07-31,良,71,248,31,87,4,10,1.54,93
2017-08-01,良,68,289,26,75,9,14,1.22,91
2017-08-02,良,65,320,24,75,4,11,1.29,90
2017-08-03,良,65,284,28,67,7,10,1.36,88
2017-08-04,良,63,232,27,63,5,10,1.37,87
2017-08-05,良,56,182,19,58,4,10,1.33,70
2017-08-06,良,52,156,14,52,5,8,1.35,73
2017-08-07,良,51,155,15,52,5,6,1.40,85
2017-08-08,良,52,216,17,53,5,4,1.08,85
2017-08-09,优,41,117,10,35,2,7,1.10,68
2017-08-10,优,44,130,12,44,4,10,1.12,74
2017-08-11,优,45,122,13,45,3,8,1.20,61
2017-08-12,优,34,67,11,33,2,7,1.30,40
2017-08-13,优,36,92,11,35,2,8,1.33,39
2017-08-14,优,31,49,8,29,2,3,1.22,61
2017-08-15,优,39,113,12,38,2,7,1.19,55
2017-08-16,优,37,93,9,37,2,10,1.06,43
2017-08-17,优,43,141,13,42,2,9,1.10,51
2017-08-18,良,51,198,17,53,3,6,1.12,61
2017-08-19,优,49,177,17,49,3,5,1.10,63
2017-08-20,良,52,217,18,53,4,7,1.19,65
2017-08-21,良,60,216,21,69,4,9,1.32,66
2017-08-22,良,74,299,34,96,5,13,1.56,72
2017-08-23,良,58,253,28,64,2,8,1.48,69
2017-08-24,良,52,254,20,54,4,7,1.37,65
2017-08-25,良,53,249,16,54,4,12,1.01,62
2017-08-26,良,60,284,22,69,3,9,1.14,65
2017-08-27,良,60,282,30,68,2,8,1.34,67
2017-08-28,良,53,264,18,55,4,8,1.32,49
2017-08-29,良,54,311,18,57,6,9,1.36,59
2017-08-30,优,39,181,11,38,2,6,1.41,71
2017-08-31,良,53,245,21,54,2,7,1.35,73
2017-09-01,良,51,167,21,52,1,7,1.25,63
2017-09-02,良,53,166,23,56,1,6,1.46,56
2017-09-03,优,36,76,11,35,1,6,1.34,51
2017-09-04,优,46,174,19,47,2,6,1.11,65
2017-09-05,良,60,266,32,69,2,7,1.22,64
2017-09-06,优,47,187,21,49,3,7,1.22,58
2017-09-07,优,43,118,12,42,5,10,1.09,67
2017-09-08,良,63,237,19,73,3,18,1.34,27
2017-09-09,良,53,167,22,55,3,15,1.39,73
2017-09-10,良,55,238,18,59,5,13,1.36,58
2017-09-11,优,45,171,13,40,2,9,1.46,73
2017-09-12,良,67,232,34,81,8,16,1.53,56
2017-09-13,良,74,257,42,96,6,15,1.30,70
2017-09-14,良,71,249,40,85,9,12,1.18,96
2017-09-15,良,75,268,43,90,10,10,1.20,113
2017-09-16,良,73,253,40,84,10,15,1.29,100
2017-09-17,良,88,279,51,124,15,28,1.57,76
2017-09-18,良,85,237,57,116,10,18,1.80,85
2017-09-19,良,81,233,53,92,4,6,1.53,70
2017-09-20,优,40,91,13,33,2,4,0.94,76
2017-09-21,良,52,166,26,51,5,11,1.04,59
2017-09-22,良,61,189,33,68,8,17,1.36,58
2017-09-23,良,64,211,34,77,7,15,1.48,57
2017-09-24,良,67,258,35,81,6,13,1.48,54
2017-09-25,良,58,238,23,67,6,14,1.33,48
2017-09-26,优,44,132,14,43,6,10,1.05,53
2017-09-27,良,52,231,21,54,6,11,1.17,61
2017-09-28,优,41,123,9,28,2,4,1.06,76
2017-09-29,良,55,208,25,60,6,7,1.14,67
2017-09-30,良,53,181,22,56,4,8,1.37,52
2017-10-01,优,49,169,15,51,8,10,1.37,42
2017-10-02,良,55,255,15,59,7,10,1.35,49
2017-10-03,优,39,178,12,37,2,4,1.16,53
2017-10-05,优,28,59,9,25,2,4,0.82,43
2017-10-06,优,32,53,12,31,2,5,0.94,42
2017-10-07,优,47,119,19,47,3,7,1.21,51
2017-10-08,良,55,175,26,58,4,8,1.39,53
2017-10-09,良,55,237,29,61,4,12,1.43,47
2017-10-10,良,65,300,41,78,4,10,1.38,53
2017-10-11,优,35,148,10,33,2,8,0.85,47
2017-10-12,优,23,41,7,21,2,9,0.78,43
2017-10-13,优,30,56,9,27,2,8,0.72,54
2017-10-14,优,29,47,9,23,2,8,0.78,56
2017-10-15,优,36,136,12,30,2,7,0.82,71
2017-10-16,优,36,139,7,19,1,7,0.86,71
2017-10-17,优,34,116,8,20,2,8,0.87,64
2017-10-18,优,31,60,8,28,2,11,0.97,49
2017-10-19,优,34,59,9,26,3,11,0.79,57
2017-10-20,优,40,70,17,39,4,9,0.87,61
2017-10-21,良,57,153,34,63,7,13,0.90,77
2017-10-22,良,70,203,49,82,13,18,0.95,77
2017-10-23,良,71,223,46,88,12,20,0.95,79
2017-10-24,良,85,252,60,101,10,19,1.02,86
2017-10-25,轻度污染,117,313,87,133,6,16,1.20,89
2017-10-26,良,99,261,72,125,11,21,1.19,78
2017-10-27,良,86,185,60,113,11,34,1.39,51
2017-10-28,良,73,141,44,92,11,24,1.09,54
2017-10-29,良,86,276,57,114,14,22,1.06,94
2017-10-30,良,77,271,41,102,13,19,0.85,82
2017-10-31,良,74,173,37,95,17,31,0.79,66
2017-11-01,良,79,160,43,107,12,37,0.94,58
2017-11-02,良,82,159,50,111,15,34,1.09,58
2017-11-03,良,80,168,50,107,22,29,1.12,62
2017-11-04,轻度污染,110,319,80,146,18,19,1.17,103
2017-11-05,轻度污染,103,284,76,137,17,27,1.27,89
2017-11-06,轻度污染,118,284,88,167,21,50,1.53,50
2017-11-07,轻度污染,111,208,83,138,7,38,1.36,36
2017-11-08,轻度污染,105,234,78,128,12,29,1.10,34
2017-11-09,轻度污染,110,287,82,142,16,40,1.23,46
2017-11-10,轻度污染,133,350,101,158,9,30,1.23,41
2017-11-11,良,75,288,43,96,5,14,0.80,47
2017-11-12,良,59,145,35,67,3,12,0.79,35
2017-11-13,优,40,35,21,40,3,12,0.88,28
2017-11-14,优,48,118,27,49,3,15,0.87,28
2017-11-15,良,65,191,41,76,9,19,0.68,29
2017-11-16,良,78,221,55,87,4,13,0.79,33
2017-11-17,优,29,11,12,28,2,13,1.03,28
2017-11-18,优,49,195,24,56,5,14,0.68,54
2017-11-19,良,61,209,31,70,7,15,0.40,50
2017-11-20,良,54,159,32,56,5,18,0.44,50
2017-11-21,良,66,175,42,79,14,27,0.69,39
2017-11-22,良,69,210,44,84,15,24,0.73,40
2017-11-23,良,74,254,40,96,22,24,0.69,59
2017-11-24,良,78,256,43,104,21,38,0.95,40
2017-11-25,良,79,223,49,104,15,36,1.15,30
2017-11-26,良,76,204,52,94,10,31,1.32,39
2017-11-27,良,91,238,64,120,20,44,1.50,32
2017-11-28,良,97,212,71,121,25,34,1.08,36
2017-11-29,良,82,225,60,91,6,16,0.95,61
2017-11-30,良,84,309,59,87,4,15,0.95,52
2017-12-01,良,54,137,36,54,3,9,0.77,47
2017-12-02,良,70,159,50,77,8,16,1.03,38
2017-12-03,良,82,203,60,95,20,29,1.40,17
2017-12-04,良,76,224,54,92,16,21,1.21,44
2017-12-05,轻度污染,129,318,97,150,18,22,1.12,96
2017-12-06,轻度污染,126,303,95,158,30,38,0.89,57
2017-12-07,轻度污染,145,313,110,166,15,34,1.10,40
2017-12-08,轻度污染,120,355,89,139,17,32,1.06,51
2017-12-09,良,85,200,58,117,18,38,1.03,54
2017-12-10,良,95,234,67,131,23,43,1.23,46
2017-12-11,良,98,264,72,131,21,34,1.19,73
2017-12-12,良,90,250,63,128,21,33,1.15,53
2017-12-13,良,87,226,63,97,7,26,1.22,30
2017-12-14,良,56,125,35,58,2,17,0.95,26
2017-12-15,优,41,93,24,41,2,13,0.96,30
2017-12-16,良,92,276,67,102,12,18,1.03,56
2017-12-17,轻度污染,112,353,84,127,15,22,1.02,63
2017-12-18,轻度污染,104,335,77,125,16,34,1.18,39
2017-12-19,良,85,261,60,108,15,32,1.10,44
2017-12-20,良,93,262,59,132,19,37,1.12,42
2017-12-21,良,97,234,68,133,20,41,1.21,39
2017-12-22,轻度污染,109,200,81,144,33,45,1.46,44
2017-12-23,良,98,137,71,131,25,38,1.45,44
2017-12-24,轻度污染,126,262,95,163,26,38,1.42,62
2017-12-25,轻度污染,110,307,82,152,23,43,1.49,52
2017-12-26,轻度污染,111,232,82,152,23,48,1.24,54
2017-12-27,轻度污染,144,281,108,181,30,58,1.13,48
2017-12-28,中度污染,168,282,127,185,25,44,1.28,28
2017-12-29,轻度污染,122,181,92,122,7,19,1.20,47
2017-12-30,轻度污染,126,212,95,150,7,21,1.28,54
2017-12-31,轻度污染,121,204,91,153,13,35,1.44,26
2018-01-01,轻度污染,129,242,97,157,20,35,1.18,29
2018-01-02,良,61,101,41,64,5,14,1.02,37
2018-01-03,优,27,13,15,25,2,22,1.22,31
2018-01-04,优,28,52,12,27,2,18,0.91,22
2018-01-05,良,67,188,47,63,4,10,0.83,44
2018-01-06,优,34,65,20,32,3,10,0.98,38
2018-01-07,优,29,44,15,26,2,8,1.04,50
2018-01-08,良,75,229,54,74,8,14,1.16,67
2018-01-09,良,90,338,66,93,8,29,1.30,30
2018-01-10,良,91,326,66,108,11,35,1.29,30
2018-01-11,轻度污染,101,327,74,122,14,31,1.27,36
2018-01-12,良,85,265,60,113,19,27,0.79,57
2018-01-13,良,93,194,67,119,20,28,0.87,45
2018-01-14,轻度污染,113,235,84,142,22,36,1.16,37
2018-01-15,轻度污染,125,227,94,148,25,41,1.54,19
2018-01-16,良,76,109,55,70,8,18,1.10,32
2018-01-17,良,82,100,59,90,14,21,0.90,33
2018-01-18,良,91,132,67,96,5,13,0.91,41
2018-01-19,中度污染,151,240,115,154,11,24,1.19,55
2018-01-20,轻度污染,103,176,77,106,12,23,0.99,44
2018-01-21,良,60,94,40,63,5,22,0.88,65
2018-01-22,良,63,131,43,70,8,30,1.07,32
2018-01-23,良,64,161,43,72,7,22,1.05,28
2018-01-24,优,29,4,13,28,2,16,1.14,18
2018-01-25,优,25,27,11,24,2,14,0.85,31
2018-01-26,良,57,199,39,55,3,6,0.89,59
2018-01-27,优,41,98,25,40,2,5,0.94,61
2018-01-28,良,65,185,38,52,5,8,0.84,92
2018-01-29,轻度污染,118,284,89,118,11,14,1.17,79
2018-01-30,轻度污染,139,307,106,144,12,12,1.22,68
2018-01-31,轻度污染,119,296,90,127,10,18,1.05,73
2018-02-01,轻度污染,101,256,74,127,8,33,1.06,43
2018-02-02,良,74,179,48,96,12,18,0.68,87
2018-02-03,良,74,270,38,95,12,15,0.79,72
2018-02-04,良,70,202,33,87,10,13,0.83,71
2018-02-05,良,74,223,46,97,11,29,1.07,56
2018-02-06,良,94,286,65,131,13,40,1.33,45
2018-02-07,轻度污染,113,302,83,164,24,51,1.29,32
2018-02-08,轻度污染,122,310,92,166,22,39,0.99,49
2018-02-09,轻度污染,127,218,96,162,23,36,1.00,64
2018-02-10,轻度污染,119,263,84,156,16,12,0.89,88
2018-02-11,轻度污染,126,319,87,201,15,14,1.05,82
2018-02-12,轻度污染,128,348,95,200,11,24,1.24,55
2018-02-13,轻度污染,115,328,86,162,12,31,1.25,36
2018-02-14,轻度污染,138,341,103,166,13,28,1.34,50
2018-02-15,轻度污染,115,294,86,136,5,12,1.21,57
2018-02-16,轻度污染,117,184,88,125,5,11,1.27,67
2018-02-17,轻度污染,102,226,76,111,5,9,1.21,56
2018-02-18,轻度污染,109,291,78,111,2,6,1.21,58
2018-02-19,良,83,282,61,82,2,6,0.99,62
2018-02-20,良,82,256,59,84,1,3,0.85,62
2018-02-21,优,47,113,29,47,1,2,0.69,54
2018-02-22,优,39,79,22,38,2,5,0.98,54
2018-02-23,良,55,153,31,58,3,15,1.09,36
2018-02-24,良,57,170,34,62,7,14,1.17,38
2018-02-25,良,66,181,43,77,5,9,0.98,70
2018-02-26,良,74,192,50,94,5,23,1.02,45
2018-02-27,良,77,208,56,92,5,29,1.28,21
2018-02-28,良,60,162,39,64,5,15,1.07,36
2018-03-01,良,62,161,35,73,7,18,1.08,43
2018-03-02,优,42,24,22,43,2,6,0.98,48
2018-03-03,良,57,111,33,63,5,11,0.97,46
2018-03-04,良,63,203,37,74,8,18,1.07,48
2018-03-05,优,45,132,19,44,3,7,0.85,66
2018-03-06,优,31,23,12,29,2,7,0.68,53
2018-03-07,优,32,39,9,26,3,8,0.56,56
2018-03-08,优,47,122,20,48,8,16,0.61,56
2018-03-09,良,67,175,31,81,10,28,0.74,64
2018-03-10,良,78,190,45,104,12,34,0.89,57
2018-03-11,良,87,228,60,120,12,43,1.18,45
2018-03-12,良,90,228,65,117,13,35,1.24,37
2018-03-13,轻度污染,103,271,76,120,12,36,1.43,31
2018-03-14,良,69,155,44,83,9,25,1.14,51
2018-03-15,良,66,179,36,79,7,23,0.93,71
2018-03-16,良,66,243,38,79,5,15,0.91,58
2018-03-17,良,53,130,32,55,2,11,0.79,43
2018-03-18,优,24,9,8,23,2,10,0.89,34
2018-03-19,优,34,33,14,28,3,10,1.06,65
2018-03-20,良,55,175,35,56,7,15,1.14,64
2018-03-21,良,78,297,55,85,13,30,1.09,38
2018-03-22,良,66,119,39,78,4,26,0.99,42
2018-03-23,良,91,209,51,130,12,35,1.08,47
2018-03-24,良,72,132,51,87,8,27,1.30,21
2018-03-25,优,45,14,24,44,5,21,1.39,26
2018-03-26,良,56,46,24,51,6,20,1.23,68
2018-03-27,良,64,90,29,70,7,30,0.97,62
2018-03-28,良,82,187,50,113,16,42,1.13,33
2018-03-29,良,58,91,36,63,9,18,1.07,46
2018-03-30,良,58,82,33,64,7,14,0.95,76
2018-03-31,良,75,164,48,96,10,24,1.07,68
2018-04-01,良,77,139,50,102,10,30,1.14,50
2018-04-02,良,67,77,40,83,9,25,1.06,57
2018-04-03,良,85,218,53,106,11,22,1.06,96
2018-04-04,良,85,271,56,116,10,26,1.12,72
2018-04-05,良,66,212,33,84,3,10,0.89,44
2018-04-05,良,66,212,33,84,3,10,0.89,44
2018-04-06,良,56,91,18,64,4,11,0.77,67
2018-04-07,良,93,313,35,133,9,21,0.85,61
2018-04-08,良,91,296,42,130,11,29,1.03,52
2018-04-09,良,93,263,49,133,13,27,1.21,87
2018-04-10,良,80,143,44,108,9,19,1.23,111
2018-04-11,良,76,178,48,98,12,30,1.36,47
2018-04-12,良,65,157,39,78,12,20,1.53,35
2018-04-13,优,36,32,14,36,3,10,1.27,41
2018-04-14,优,41,67,9,30,4,10,1.17,73
2018-04-15,良,81,231,29,110,12,17,1.23,54
2018-04-16,良,86,197,30,119,10,24,1.19,60
2018-04-17,良,76,132,30,99,9,30,0.85,62
2018-04-18,良,81,128,40,107,11,31,0.77,69
2018-04-19,良,85,169,46,115,11,30,1.00,78
2018-04-20,良,67,133,38,83,10,26,1.24,47
2018-04-21,良,51,67,19,53,5,12,1.18,66
2018-04-22,优,49,147,20,50,6,11,1.25,63
2018-04-23,优,38,54,7,32,6,7,1.02,79
2018-04-24,优,46,116,21,42,4,10,0.82,82
2018-04-25,良,52,96,33,53,3,12,0.85,63
2018-04-26,优,41,25,22,40,5,21,1.06,46
2018-04-27,良,53,76,22,56,5,22,1.07,46
2018-04-28,良,64,99,32,72,11,24,1.18,60
2018-04-29,良,63,93,33,74,9,25,1.27,62
2018-04-30,良,54,104,25,57,7,19,1.09,65
2018-05-01,良,60,158,16,46,5,13,0.96,95
2018-05-02,优,49,66,15,46,6,11,1.04,74
2018-05-03,良,72,247,39,93,10,12,1.18,80
2018-05-04,良,74,205,46,96,12,27,1.33,43
2018-05-05,良,60,171,29,68,14,12,1.24,48
2018-05-06,优,44,95,14,43,5,7,1.10,63
2018-05-07,良,55,171,24,60,6,7,1.17,84
2018-05-08,良,67,212,33,72,13,11,1.09,85
2018-05-09,良,62,155,30,57,5,9,0.97,98
2018-05-10,良,62,142,38,72,8,13,1.09,77
2018-05-11,良,70,234,48,82,9,17,1.46,40
2018-05-12,优,50,71,27,53,6,11,1.50,42
2018-05-13,优,48,56,14,47,7,16,1.45,51
2018-05-14,良,54,103,22,57,6,15,1.24,66
2018-05-15,良,55,121,18,58,4,7,1.03,103
2018-05-16,良,57,184,20,58,4,8,1.09,98
2018-05-17,良,59,179,24,65,5,9,1.14,93
2018-05-18,良,64,199,23,65,6,14,1.23,87
2018-05-19,良,61,212,25,67,6,12,1.36,75
2018-05-20,良,64,287,26,73,8,14,1.42,73
2018-05-21,良,53,186,20,54,4,8,1.49,74
2018-05-22,优,48,137,15,49,3,6,1.38,53
2018-05-23,良,67,156,26,82,4,6,1.03,64
2018-05-24,良,70,164,28,86,8,7,1.13,79
2018-05-25,良,52,111,17,51,4,7,1.07,84
2018-05-26,优,50,122,16,51,8,10,1.20,61
2018-05-27,良,80,223,41,108,3,9,1.07,74
2018-05-28,轻度污染,114,314,61,176,5,14,1.16,60
2018-05-29,良,86,237,41,121,4,17,1.17,51
2018-05-30,优,42,57,15,43,2,10,1.16,51
2018-05-31,优,40,46,4,20,1,4,0.84,82
2018-06-01,优,47,80,7,28,1,5,1.00,92
2018-06-02,优,45,57,13,31,1,9,1.18,81
2018-06-03,优,47,55,22,47,5,13,1.37,52
2018-06-04,良,53,95,25,56,4,12,1.38,56
2018-06-05,良,60,164,28,65,4,13,1.15,73
2018-06-06,良,66,167,30,74,4,18,1.02,72
2018-06-07,良,74,215,29,77,9,15,1.11,87
2018-06-08,良,53,160,20,51,7,9,1.25,83
2018-06-09,良,67,289,29,66,9,10,1.34,103
2018-06-10,良,74,310,28,80,7,12,1.33,117
2018-06-11,良,81,261,36,93,12,25,1.46,83
2018-06-12,良,52,101,18,52,4,12,1.01,76
2018-06-13,优,50,125,17,44,5,10,0.85,78
2018-06-14,良,59,175,24,61,9,13,1.02,74
2018-06-15,良,60,165,24,60,8,12,1.17,91
2018-06-16,良,86,278,37,87,9,17,1.37,110
2018-06-17,良,74,244,40,89,8,18,1.41,85
2018-06-18,良,61,182,24,55,6,13,1.33,76
2018-06-19,良,57,227,25,63,6,9,1.21,92
2018-06-20,优,44,131,10,35,4,5,1.12,85
2018-06-21,优,43,122,15,42,5,6,1.14,70
2018-06-22,优,40,103,15,39,3,8,1.34,53
2018-06-23,优,35,79,11,33,4,6,1.39,53
2018-06-24,优,43,134,13,43,5,9,1.41,32
2018-06-25,优,44,147,11,43,6,8,1.16,39
2018-06-26,优,39,136,10,38,4,6,1.00,53
2018-06-27,优,40,119,9,39,4,7,1.08,57
2018-06-28,优,39,116,10,36,4,7,0.96,63
2018-06-29,优,49,144,14,50,5,10,1.13,63
2018-06-30,良,54,193,19,57,4,11,1.30,64
2018-07-01,优,40,112,12,39,4,9,1.29,41
2018-07-02,优,39,117,13,38,4,6,1.18,51
2018-07-03,优,44,171,14,43,3,8,1.15,47
2018-07-04,优,47,172,13,47,5,11,1.04,51
2018-07-05,优,48,204,13,48,4,8,1.16,63
2018-07-06,优,38,142,8,34,3,5,1.29,61
2018-07-07,良,52,267,23,55,10,8,1.27,68
2018-07-08,优,36,146,10,32,5,5,1.18,66
2018-07-09,优,35,146,8,33,6,9,1.18,47
2018-07-10,优,47,218,14,45,6,12,1.19,45
2018-07-11,良,54,244,18,56,9,15,1.25,53
2018-07-12,良,58,282,23,64,9,15,1.30,53
2018-07-13,优,41,151,16,41,5,9,1.33,43
2018-07-14,良,51,231,19,51,5,8,1.28,57
2018-07-15,优,48,195,14,46,7,8,1.19,50
2018-07-16,良,56,257,17,57,8,11,1.21,59
2018-07-17,良,61,278,23,62,7,14,1.14,65
2018-07-18,良,71,319,30,78,11,20,1.40,76
2018-07-19,良,63,285,30,74,8,21,1.37,51
2018-07-20,良,58,233,22,62,8,16,1.32,60
2018-07-21,良,66,242,27,76,10,18,1.44,65
2018-07-22,良,68,274,30,75,9,16,1.51,75
2018-07-23,良,61,254,29,70,15,15,1.58,73
2018-07-24,良,56,216,25,61,12,14,1.50,54
2018-07-25,优,49,170,15,46,11,12,1.44,61
2018-07-26,优,41,122,11,37,4,10,1.21,59
2018-07-27,优,45,154,10,41,3,11,1.18,50
2018-07-28,优,44,124,9,41,4,8,1.04,52
2018-07-29,优,42,91,9,39,4,10,1.17,53
2018-07-30,优,49,152,14,46,4,10,1.20,58
2018-07-31,优,48,152,11,46,9,9,1.15,52
2018-08-01,优,49,168,14,50,7,10,1.17,52
2018-08-02,优,38,90,13,37,7,8,1.24,53
2018-08-03,优,46,187,18,46,7,12,1.29,50
2018-08-04,良,54,221,20,51,8,14,1.29,72
2018-08-05,优,45,129,13,42,4,10,1.26,55
2018-08-06,优,43,115,11,42,5,10,1.30,50
2018-08-07,优,33,46,8,29,3,9,1.24,55
2018-08-08,良,51,179,15,47,8,14,1.35,60
2018-08-09,良,54,167,15,55,9,18,1.30,52
2018-08-10,良,54,147,19,53,8,13,1.22,67
2018-08-11,良,59,164,28,63,5,13,1.38,75
2018-08-12,良,60,225,30,64,10,15,1.45,70
2018-08-13,良,63,285,28,65,6,14,1.36,81
2018-08-14,良,54,261,23,56,12,12,1.18,82
2018-08-15,优,49,240,17,47,9,11,1.28,77
2018-08-16,优,40,141,13,35,5,10,1.11,74
2018-08-17,优,48,215,16,43,6,10,1.20,83
2018-08-18,优,40,126,12,36,4,10,1.22,62
2018-08-19,良,53,248,15,49,6,14,1.30,68
2018-08-20,良,53,228,19,54,8,15,1.42,64
2018-08-21,良,55,195,22,54,6,14,1.35,81
2018-08-22,良,72,320,21,51,5,10,1.20,115
2018-08-23,良,60,195,31,62,5,11,1.27,104
2018-08-25,良,84,288,34,69,12,13,1.36,137
2018-08-27,良,58,201,33,64,10,13,1.44,81
2018-08-29,良,53,215,19,48,9,7,1.11,95
2018-08-31,优,36,120,11,33,3,12,1.23,51
2018-09-02,优,38,142,10,35,4,12,1.04,53
2018-09-03,优,44,158,13,41,6,15,1.01,59
2018-09-04,优,44,163,14,42,8,12,1.03,54
2018-09-05,优,50,185,18,49,4,14,1.17,50
2018-09-06,良,54,198,26,57,4,10,1.24,59
2018-09-07,优,46,208,17,43,5,9,0.91,82
2018-09-08,优,50,238,16,51,12,19,0.93,60
2018-09-09,良,63,290,23,60,16,19,0.98,77
2018-09-10,良,67,300,27,60,10,14,1.02,112
2018-09-11,良,59,231,37,66,8,12,0.96,77
2018-09-12,优,40,105,21,39,3,7,0.68,66
2018-09-13,良,52,213,29,53,5,11,0.90,77
2018-09-14,良,62,283,37,68,8,15,1.07,81
2018-09-15,良,67,307,44,79,8,15,1.15,71
2018-09-16,良,60,313,37,64,4,7,1.07,101
2018-09-17,优,44,212,23,42,2,6,1.09,74
2018-09-18,优,41,184,15,40,4,10,1.10,55
2018-09-19,优,44,195,14,44,7,16,1.03,29
2018-09-20,优,44,168,14,43,7,15,0.94,41
2018-09-21,优,50,195,19,52,6,9,1.46,56
2018-09-22,优,40,116,14,39,4,7,1.19,59
2018-09-23,优,29,52,6,23,3,6,1.07,56
2018-09-24,优,28,57,8,27,4,6,1.10,40
2018-09-25,优,45,183,23,46,4,8,1.12,59
2018-09-26,优,36,88,6,22,2,7,0.85,69
2018-09-27,优,32,62,7,24,3,9,0.85,57
2018-09-28,优,48,172,22,48,6,15,0.99,55
2018-09-29,良,53,195,21,51,9,20,1.10,56
2018-09-30,良,58,205,22,60,12,24,1.07,63
2018-10-01,良,61,283,21,65,11,19,0.92,80
2018-10-02,良,58,193,25,65,15,24,0.82,57
2018-10-03,良,59,151,27,64,14,16,0.74,73
2018-10-04,良,59,140,25,59,10,18,0.75,76
2018-10-05,良,69,216,29,68,16,21,0.85,89
2018-10-06,良,75,243,33,77,12,23,0.93,102
2018-10-07,良,74,225,47,90,15,19,1.13,99
2018-10-08,良,61,175,42,67,4,9,1.07,91
2018-10-09,良,57,192,25,40,3,8,0.97,105
2018-10-10,良,64,299,38,73,7,18,0.92,55
2018-10-11,良,63,283,30,71,10,21,0.84,62
2018-10-12,良,63,227,28,63,12,26,0.78,88
2018-10-13,良,78,298,52,67,9,23,1.01,69
2018-10-14,优,41,89,11,20,2,6,0.94,79
2018-10-15,优,42,137,22,39,4,10,0.87,73
2018-10-16,良,54,202,30,56,7,18,0.86,40
2018-10-17,良,53,192,32,54,4,12,0.72,61
2018-10-18,良,57,232,37,60,6,12,0.89,56
2018-10-19,良,59,252,38,58,3,9,0.94,73
2018-10-20,优,31,39,7,18,2,7,0.78,59
2018-10-21,优,27,23,6,20,3,8,0.81,49
2018-10-22,优,39,79,17,39,4,13,0.95,52
2018-10-23,良,55,184,30,60,8,24,0.97,31
2018-10-24,良,52,146,32,56,6,23,0.93,29
2018-10-25,优,32,27,12,31,3,13,0.98,27
2018-10-26,优,49,122,20,51,10,17,0.89,39
2018-10-27,良,62,232,25,73,12,23,0.67,51
2018-10-28,良,66,250,28,79,13,32,0.76,55
2018-10-29,良,68,273,34,83,10,33,0.93,42
2018-10-30,良,70,257,35,89,20,28,0.88,53
2018-10-31,良,69,245,34,86,23,33,0.78,49
2018-11-01,良,70,221,32,85,26,28,0.81,60
2018-11-02,良,69,208,33,77,16,21,0.89,98
2018-11-03,良,73,236,42,87,14,33,1.16,75
2018-11-04,良,80,288,54,102,23,29,1.36,86
2018-11-05,良,83,334,61,92,9,10,1.41,79
2018-11-06,优,31,66,15,32,6,9,1.22,33
2018-11-07,优,23,40,7,16,2,5,0.79,44
2018-11-08,优,25,43,9,23,2,11,0.72,35
2018-11-09,优,37,62,19,36,5,14,0.97,20
2018-11-10,优,38,52,18,37,10,9,1.11,23
2018-11-11,优,26,7,12,23,2,6,1.14,45
2018-11-12,优,41,76,24,38,3,12,0.98,52
2018-11-13,良,57,179,39,58,4,14,0.93,42
2018-11-14,优,32,25,16,30,2,10,0.91,47
2018-11-15,优,23,17,9,18,2,8,0.86,43
2018-11-16,优,35,130,17,31,2,7,0.83,59
2018-11-17,优,21,30,9,20,2,10,1.05,30
2018-11-18,优,18,17,6,14,2,7,0.86,37
2018-11-19,优,26,38,10,25,5,8,0.78,45
2018-11-20,优,35,54,19,34,6,13,0.75,35
2018-11-21,优,44,130,26,44,7,12,0.78,28
2018-11-22,良,57,169,34,62,8,18,0.98,30
2018-11-23,良,66,178,43,80,6,26,1.09,38
2018-11-24,良,69,146,46,83,12,23,1.23,27
2018-11-25,良,66,108,45,75,13,22,1.27,49
2018-11-26,良,74,128,50,89,9,30,1.33,28
2018-11-27,良,66,102,42,75,9,26,1.00,26
2018-11-28,良,72,129,49,89,8,33,1.04,34
2018-11-29,良,80,170,57,96,10,35,1.17,36
2018-11-30,轻度污染,116,236,87,133,12,33,1.37,35
2018-12-01,中度污染,178,293,134,194,10,27,1.62,39
2018-12-02,中度污染,185,288,139,201,8,19,1.70,45
2018-12-03,良,89,203,62,95,5,14,1.68,36
2018-12-04,优,45,124,21,51,3,10,0.96,45
2018-12-05,良,96,309,43,142,4,12,0.69,33
2018-12-06,优,26,39,10,25,2,12,0.60,35
2018-12-07,优,30,85,12,29,2,9,0.74,39
2018-12-08,优,23,63,10,22,2,13,0.94,31
2018-12-09,优,47,152,25,49,3,12,0.87,41
2018-12-10,优,40,137,22,39,2,13,0.86,33
2018-12-11,良,57,162,39,60,4,12,0.87,39
2018-12-12,良,81,209,59,91,12,12,0.84,51
2018-12-13,良,88,197,64,101,10,18,1.02,47
2018-12-14,良,83,191,61,94,14,24,1.09,37
2018-12-15,良,96,241,71,103,9,22,1.14,46
2018-12-16,良,90,195,66,100,12,31,1.44,30
2018-12-17,良,91,229,67,108,10,34,1.51,37
2018-12-18,良,96,238,69,128,12,33,1.32,32
2018-12-19,轻度污染,124,267,93,162,22,41,1.64,16
2018-12-20,良,73,142,53,76,12,17,0.96,25
2018-12-21,优,49,71,29,51,4,9,0.69,35
2018-12-28,优,37,88,23,35,3,13,0.82,24
2018-12-29,良,64,275,45,66,6,7,0.85,52
2018-12-30,优,44,91,29,41,6,6,0.94,49
2018-12-31,优,48,102,32,47,9,5,0.93,60
2019-01-01,良,73,207,52,66,9,7,0.85,63
2019-01-02,轻度污染,103,230,77,89,7,12,0.82,52
2019-01-03,轻度污染,102,214,76,97,6,18,0.88,29
2019-01-04,优,28,26,18,27,2,12,0.96,32
2019-01-05,良,71,198,50,66,3,13,1.02,31
2019-01-06,轻度污染,130,285,98,127,5,14,1.17,32
2019-01-07,良,81,199,59,75,3,13,1.45,47
2019-01-08,中度污染,197,329,150,171,2,18,1.49,50
2019-01-09,良,85,286,61,81,2,16,1.42,54
2019-01-10,优,24,27,10,22,1,16,1.23,34
2019-01-11,优,27,36,12,26,2,15,1.10,34
2019-01-12,优,42,70,25,41,3,18,1.22,30
2019-01-13,优,50,86,34,47,2,15,1.22,44
2019-01-14,良,76,132,55,71,2,17,1.35,37
2019-01-15,轻度污染,102,242,75,100,5,16,1.20,58
2019-01-16,轻度污染,129,355,97,126,5,15,1.22,45
2019-01-17,良,92,247,68,98,6,18,0.95,43
2019-01-18,良,63,111,40,68,4,19,0.96,30
2019-01-19,优,27,5,14,26,2,10,1.11,25
2019-01-20,良,95,248,70,92,4,9,1.07,52
2019-01-21,中度污染,171,357,129,169,9,22,1.37,47
2019-01-22,轻度污染,120,313,90,133,6,33,1.30,37
2019-01-23,轻度污染,111,275,83,132,8,40,1.42,20
2019-01-24,轻度污染,140,282,106,169,9,34,1.65,22
2019-01-25,轻度污染,120,271,90,121,8,25,1.25,38
2019-01-26,中度污染,176,343,133,177,9,21,1.18,74
2019-01-27,中度污染,161,333,122,171,7,16,1.12,62
2019-01-28,中度污染,152,314,114,152,4,14,1.22,33
2019-01-29,良,92,203,68,84,2,8,1.26,39
2019-01-30,良,92,213,68,91,2,8,1.31,31
2019-01-31,良,53,161,35,52,3,5,1.06,70
2019-02-01,轻度污染,120,351,90,110,3,9,1.30,71
2019-02-02,轻度污染,105,256,74,104,4,7,1.24,66
2019-02-03,良,84,178,60,90,3,4,1.22,54
2019-02-04,良,80,185,49,104,5,4,1.03,59
2019-02-05,良,85,131,62,91,4,3,1.21,55
2019-02-06,良,63,136,42,65,3,4,1.16,40
2019-02-07,良,92,285,68,91,2,1,1.55,50
2019-02-08,优,34,77,20,32,2,2,1.41,32
2019-02-09,优,25,35,9,20,2,1,0.93,50
2019-02-10,优,21,26,8,19,2,2,0.91,36
2019-02-11,优,45,120,29,43,2,4,1.04,48
2019-02-12,优,28,24,14,27,2,3,1.09,32
2019-02-13,优,25,28,14,24,2,3,1.15,36
2019-02-14,优,20,11,10,18,2,3,1.19,30
2019-02-15,优,18,10,8,17,3,4,1.38,30
2019-02-16,优,28,41,15,26,2,3,1.21,48
2019-02-17,优,38,95,24,36,2,3,0.98,45
2019-02-18,优,45,150,31,42,2,4,0.90,49
2019-02-19,优,41,83,27,39,2,4,0.93,46
2019-02-20,优,39,57,24,37,2,5,0.97,48
2019-02-21,良,88,208,64,82,2,11,1.20,46
2019-02-22,良,67,165,48,68,4,15,1.09,32
2019-02-23,良,65,151,46,63,2,7,0.75,71
2019-02-24,良,78,194,57,79,4,15,0.85,50
2019-02-25,良,81,212,59,92,5,24,1.03,43
2019-02-26,良,67,155,45,78,4,13,0.93,52
2019-02-27,优,47,92,30,46,2,8,1.10,69
2019-02-28,良,57,125,38,60,3,8,0.86,58
2019-03-01,优,30,15,15,27,2,7,0.69,51
2019-03-02,优,23,14,9,18,3,9,0.86,39
2019-03-03,优,38,56,18,37,5,15,0.81,46
2019-03-04,良,58,128,34,65,5,19,0.90,20
2019-03-05,优,30,14,11,24,2,11,0.95,55
2019-03-06,优,42,101,21,41,5,11,0.83,46
2019-03-07,良,70,237,48,74,6,12,0.78,59
2019-03-08,良,60,169,39,64,2,7,0.57,69
2019-03-09,良,61,161,40,64,4,17,0.52,56
2019-03-10,良,62,166,36,72,5,25,0.58,45
2019-03-11,良,76,235,46,101,9,31,0.76,45
2019-03-12,良,83,291,57,110,10,36,0.83,57
2019-03-13,良,74,246,51,94,9,24,0.75,65
2019-03-14,优,45,67,27,42,3,14,0.74,61
2019-03-15,良,59,211,39,62,12,26,0.88,28
2019-03-16,良,57,131,36,63,6,23,0.82,26
2019-03-17,良,60,149,36,64,7,21,0.69,40
2019-03-18,良,61,152,30,69,6,22,0.71,50
2019-03-19,良,73,206,39,94,12,26,0.95,40
2019-03-20,优,50,71,25,51,4,4,0.84,87
2019-03-21,优,50,103,28,51,4,8,0.78,64
2019-03-22,优,47,174,17,47,2,4,0.45,62
2019-03-23,优,37,83,16,30,3,7,0.47,66
2019-03-24,优,44,81,21,45,5,16,0.53,47
2019-03-25,良,51,116,28,54,5,18,0.66,48
2019-03-26,良,72,236,44,88,8,33,1.04,28
2019-03-27,良,59,130,34,65,6,24,1.22,24
2019-03-28,良,61,189,36,71,9,16,1.23,36
2019-03-29,良,64,193,35,76,14,20,0.86,47
2019-03-30,良,69,218,45,82,10,13,0.87,81
2019-03-31,良,52,137,28,55,3,7,0.66,76
2019-04-01,优,45,88,23,47,7,13,0.74,53
2019-04-02,良,53,137,31,56,5,16,0.95,30
2019-04-03,优,33,31,9,21,3,9,0.83,59
2019-04-04,优,46,102,23,46,3,16,0.81,58
2019-04-05,良,52,117,30,56,4,17,0.81,42
2019-04-06,良,62,164,33,71,7,22,0.75,50
2019-04-07,良,59,127,30,63,5,19,0.80,67
2019-04-08,良,78,252,49,104,8,21,1.05,65
2019-04-09,良,59,283,34,66,5,6,1.04,83
2019-04-10,优,37,46,18,33,2,7,0.92,66
2019-04-11,优,37,77,11,29,5,10,0.83,72
2019-04-12,优,44,93,22,45,8,13,0.95,63
2019-04-13,良,51,124,31,52,6,12,1.00,53
2019-04-14,良,57,195,37,60,3,10,0.92,64
2019-04-15,优,47,80,27,46,6,14,0.79,60
2019-04-16,优,42,59,20,41,4,16,0.85,60
2019-04-17,良,56,121,26,61,6,23,1.02,45
2019-04-18,良,55,109,28,59,8,22,1.30,53
2019-04-19,良,51,85,26,53,9,15,1.30,49
2019-04-20,良,65,224,43,79,6,10,1.31,75
2019-04-21,良,68,237,45,80,3,10,1.32,74
2019-04-22,优,46,110,25,44,3,11,1.40,76
2019-04-23,良,56,176,34,60,5,14,1.50,68
2019-04-24,良,53,117,20,42,5,14,1.32,86
2019-04-25,良,62,233,30,62,7,20,1.20,78
2019-04-26,良,66,288,41,80,7,21,1.26,59
2019-04-27,优,49,127,24,50,2,9,1.11,39
2019-04-28,优,32,20,15,30,2,9,1.01,38
2019-04-29,优,30,32,8,16,2,9,1.09,59
2019-04-30,优,47,140,26,47,5,23,1.34,38
